tahun,bulan,kuartal,wilayah_enc,harga_lag1,harga_lag2,harga_lag3,harga_rolling3,harga_lag12,sin_bulan,cos_bulan,is_lebaran_month,tren_index,harga_rolling12
-1.0,-0.8,-1.0,-1.0,-0.7906976744186046,-0.825,-0.95,-0.8731808731808735,-0.7741935483870968,0.49999999999999994,0.3660254037844388,0.0,-1.0,-0.8568269762299624
-1.0,-0.6,-1.0,-1.0,-0.7209302325581395,-0.825,-0.825,-0.8066528066528066,-0.8064516129032258,0.5773502691896257,1.793007356604921e-16,0.0,-0.9642857142857143,-0.8634604754007751
-1.0,-0.4,0.0,-1.0,-0.8604651162790697,-0.75,-0.825,-0.8316008316008315,-1.032258064516129,0.5,-0.3660254037844383,0.0,-0.9285714285714286,-0.8811498065229414
-1.0,-0.2,0.0,-1.0,-0.813953488372093,-0.9,-0.75,-0.8399168399168395,-1.032258064516129,0.2886751345948128,-0.6339745962155612,1.0,-0.8928571428571429,-0.8789386401326709
-1.0,0.0,0.0,-1.0,-0.813953488372093,-0.85,-0.9,-0.8731808731808735,-1.032258064516129,0.0,-0.7320508075688771,0.0,-0.8571428571428571,-0.8767274737424002
-1.0,0.2,1.0,-1.0,-0.813953488372093,-0.85,-0.85,-0.8565488565488565,-1.032258064516129,-0.2886751345948128,-0.6339745962155612,0.0,-0.8214285714285714,-0.8745163073521288
-1.0,0.4,1.0,-1.0,-0.813953488372093,-0.85,-0.85,-0.8565488565488565,-1.0,-0.5,-0.36602540378443876,0.0,-0.7857142857142857,-0.8723051409618582
-1.0,0.6,1.0,-1.0,-0.813953488372093,-0.85,-0.85,-0.8565488565488565,-1.096774193548387,-0.577350269189626,0.0,0.0,-0.75,-0.8723051409618582
-1.0,0.8,2.0,-1.0,-0.7674418604651163,-0.85,-0.85,-0.8399168399168395,-1.096774193548387,-0.5000000000000001,0.3660254037844388,0.0,-0.7142857142857143,-0.8612493090105036
-1.0,1.0,2.0,-1.0,-0.7906976744186046,-0.8,-0.85,-0.8316008316008315,-1.1290322580645162,-0.2886751345948132,0.6339745962155612,0.0,-0.6785714285714286,-0.8524046434494204
-1.0,1.2,2.0,-1.0,-0.7674418604651163,-0.825,-0.8,-0.8149688149688146,-0.967741935483871,-2.1211504774498138e-16,0.7320508075688774,0.0,-0.6428571428571429,-0.8391376451077952
-0.5,-1.0,-1.0,-1.0,-0.813953488372093,-0.8,-0.825,-0.8316008316008315,-0.967741935483871,0.2886751345948128,0.6339745962155615,0.0,-0.6071428571428571,-0.8413488114980657
-0.5,-0.8,-1.0,-1.0,-0.813953488372093,-0.85,-0.8,-0.8399168399168395,-0.8709677419354839,0.49999999999999994,0.3660254037844388,0.0,-0.5714285714285714,-0.8435599778883373
-0.5,-0.6,-1.0,-1.0,-0.813953488372093,-0.85,-0.85,-0.8565488565488565,-1.064516129032258,0.5773502691896257,1.793007356604921e-16,0.0,-0.5357142857142857,-0.8524046434494204
-0.5,-0.4,0.0,-1.0,-0.8604651162790697,-0.85,-0.85,-0.8731808731808735,-1.0,0.5,-0.3660254037844383,0.0,-0.5,-0.8524046434494204
-0.5,-0.2,0.0,-1.0,-0.8372093023255814,-0.9,-0.85,-0.8814968814968814,-1.0,0.2886751345948128,-0.6339745962155612,1.0,-0.4642857142857143,-0.854615809839691
-0.5,0.0,0.0,-1.0,-0.9069767441860465,-0.875,-0.9,-0.9147609147609145,-1.0,0.0,-0.7320508075688771,0.0,-0.42857142857142855,-0.8634604754007751
-0.5,0.2,1.0,-1.0,-0.9069767441860465,-0.95,-0.875,-0.9313929313929313,-1.0,-0.2886751345948128,-0.6339745962155612,0.0,-0.39285714285714285,-0.8723051409618582
-0.5,0.4,1.0,-1.0,-0.9069767441860465,-0.95,-0.95,-0.9563409563409563,-1.0,-0.5,-0.36602540378443876,0.0,-0.35714285714285715,-0.8811498065229414
-0.5,0.6,1.0,-1.0,-0.9069767441860465,-0.95,-0.95,-0.9563409563409563,-0.9354838709677419,-0.577350269189626,0.0,0.0,-0.32142857142857145,-0.8899944720840255
-0.5,0.8,2.0,-1.0,-0.8837209302325582,-0.95,-0.95,-0.9480249480249483,-0.967741935483871,-0.5000000000000001,0.3660254037844388,0.0,-0.2857142857142857,-0.9010503040353792
-0.5,1.0,2.0,-1.0,-0.8837209302325582,-0.925,-0.95,-0.9397089397089394,-0.9354838709677419,-0.2886751345948132,0.6339745962155612,0.0,-0.25,-0.9098949695964633
-0.5,1.2,2.0,-1.0,-0.8837209302325582,-0.925,-0.925,-0.9313929313929313,-1.0,-2.1211504774498138e-16,0.7320508075688774,0.0,-0.21428571428571427,-0.920950801547817
0.0,-1.0,-1.0,-1.0,-0.8837209302325582,-0.925,-0.925,-0.9313929313929313,-1.0,0.2886751345948128,0.6339745962155615,0.0,-0.17857142857142858,-0.9275843007186296
0.0,-0.8,-1.0,-1.0,-0.813953488372093,-0.925,-0.925,-0.9064449064449064,-1.0,0.49999999999999994,0.3660254037844388,0.0,-0.14285714285714285,-0.9275843007186296
0.0,-0.6,-1.0,-1.0,-0.813953488372093,-0.85,-0.925,-0.8814968814968814,-1.064516129032258,0.5773502691896257,1.793007356604921e-16,0.0,-0.10714285714285714,-0.9275843007186296
0.0,-0.4,0.0,-1.0,-0.7906976744186046,-0.85,-0.85,-0.8482328482328485,-1.032258064516129,0.5,-0.3660254037844383,0.0,-0.07142857142857142,-0.920950801547817
0.0,-0.2,0.0,-1.0,-0.813953488372093,-0.825,-0.85,-0.8482328482328485,-1.1290322580645162,0.2886751345948128,-0.6339745962155612,1.0,-0.03571428571428571,-0.9187396351575465
0.0,0.0,0.0,-1.0,-0.813953488372093,-0.85,-0.825,-0.8482328482328485,-1.1290322580645162,0.0,-0.7320508075688771,0.0,0.0,-0.9098949695964633
0.0,0.2,1.0,-1.0,-0.813953488372093,-0.85,-0.85,-0.8565488565488565,-1.1290322580645162,-0.2886751345948128,-0.6339745962155612,0.0,0.03571428571428571,-0.9010503040353792
0.0,0.4,1.0,-1.0,-0.813953488372093,-0.85,-0.85,-0.8565488565488565,-1.1290322580645162,-0.5,-0.36602540378443876,0.0,0.07142857142857142,-0.892205638474296
0.0,0.6,1.0,-1.0,-0.7674418604651163,-0.85,-0.85,-0.8399168399168395,-1.096774193548387,-0.577350269189626,0.0,0.0,0.10714285714285714,-0.8789386401326709
0.0,0.8,2.0,-1.0,-0.6511627906976745,-0.8,-0.85,-0.7817047817047816,-1.096774193548387,-0.5000000000000001,0.3660254037844388,0.0,0.14285714285714285,-0.8568269762299624
0.0,1.0,2.0,-1.0,-0.4883720930232558,-0.675,-0.8,-0.6652806652806649,-1.096774193548387,-0.2886751345948132,0.6339745962155612,0.0,0.17857142857142858,-0.8192371475953574
0.0,1.2,2.0,-1.0,-0.4883720930232558,-0.5,-0.675,-0.5654885654885651,-1.096774193548387,-2.1211504774498138e-16,0.7320508075688774,0.0,0.21428571428571427,-0.7816473189607522
0.5,-1.0,-1.0,-1.0,-0.4883720930232558,-0.5,-0.5,-0.5072765072765071,-1.0,0.2886751345948128,0.6339745962155615,0.0,0.25,-0.7440574903261481
0.5,-0.8,-1.0,-1.0,-0.2558139534883721,-0.5,-0.5,-0.42411642411642425,-1.0,0.49999999999999994,0.3660254037844388,0.0,0.2857142857142857,-0.6909894969596472
0.5,-0.6,-1.0,-1.0,-0.06976744186046512,-0.25,-0.5,-0.2744282744282745,-0.967741935483871,0.5773502691896257,1.793007356604921e-16,0.0,0.32142857142857145,-0.6202321724709791
0.5,-0.4,0.0,-1.0,0.0,-0.05,-0.25,-0.09979209979209983,-1.0,0.5,-0.3660254037844383,1.0,0.35714285714285715,-0.5450525152017698
0.5,-0.2,0.0,-1.0,-0.023255813953488372,0.025,-0.05,-0.016632016632016033,-1.0,0.2886751345948128,-0.6339745962155612,0.0,0.39285714285714285,-0.46987285793255956
0.5,0.0,0.0,-1.0,-0.023255813953488372,0.0,0.025,0.0,-1.0,0.0,-0.7320508075688771,0.0,0.42857142857142855,-0.3946932006633503
0.5,0.2,1.0,-1.0,-0.11627906976744186,0.0,0.0,-0.041580041580040986,-1.0,-0.2886751345948128,-0.6339745962155612,0.0,0.4642857142857143,-0.3283582089552242
0.5,0.4,1.0,-1.0,-0.11627906976744186,-0.1,0.0,-0.07484407484407486,-0.9354838709677419,-0.5,-0.36602540378443876,0.0,0.5,-0.2620232172470981
0.5,0.6,1.0,-1.0,0.046511627906976744,-0.1,-0.1,-0.04989604989604991,-0.7741935483870968,-0.577350269189626,0.0,0.0,0.5357142857142857,-0.18463239358761732
0.5,0.8,2.0,-1.0,0.23255813953488372,0.075,-0.1,0.07484407484407486,-0.5483870967741935,-0.5000000000000001,0.3660254037844388,0.0,0.5714285714285714,-0.1006080707573249
0.5,1.0,2.0,-1.0,0.7209302325581395,0.275,0.075,0.37422037422037435,-0.5483870967741935,-0.2886751345948132,0.6339745962155612,0.0,0.6071428571428571,0.014372581536760977
0.5,1.2,2.0,-1.0,0.7441860465116279,0.8,0.275,0.6237006237006238,-0.5483870967741935,-2.1211504774498138e-16,0.7320508075688774,0.0,0.6428571428571429,0.13156440022111646
1.0,-1.0,-1.0,-1.0,0.7674418604651163,0.825,0.8,0.8149688149688156,-0.22580645161290322,0.2886751345948128,0.6339745962155615,0.0,0.6785714285714286,0.2509673852957434
1.0,-0.8,-1.0,-1.0,0.7906976744186046,0.85,0.825,0.8399168399168405,0.03225806451612903,0.49999999999999994,0.3660254037844388,0.0,0.7142857142857143,0.3504698728579326
1.0,-0.6,-1.0,-1.0,0.8604651162790697,0.875,0.85,0.8814968814968823,0.12903225806451613,0.5773502691896257,1.793007356604921e-16,0.0,0.75,0.438916528468768
1.0,-0.4,0.0,-1.0,0.8604651162790697,0.95,0.875,0.9147609147609154,0.0967741935483871,0.5,-0.3660254037844383,1.0,0.7857142857142857,0.5207296849087899
1.0,-0.2,0.0,-1.0,0.8604651162790697,0.95,0.95,0.9397089397089403,0.0967741935483871,0.2886751345948128,-0.6339745962155612,0.0,0.8214285714285714,0.6047540077390833
1.0,0.0,0.0,-1.0,1.0,0.95,0.95,0.9896049896049902,-0.03225806451612903,0.0,-0.7320508075688771,0.0,0.8571428571428571,0.7020453289110009
1.0,0.2,1.0,-1.0,0.9767441860465116,1.1,0.95,1.0311850311850321,-0.03225806451612903,-0.2886751345948128,-0.6339745962155612,0.0,0.8928571428571429,0.8059701492537321
1.0,0.4,1.0,-1.0,0.8604651162790697,1.075,1.1,1.0311850311850321,0.1935483870967742,-0.5,-0.36602540378443876,0.0,0.9285714285714286,0.8988391376451087
1.0,0.6,1.0,-1.0,0.9069767441860465,0.95,1.075,0.9979209979209982,0.45161290322580644,-0.577350269189626,0.0,0.0,0.9642857142857143,0.9806522940851305
1.0,0.8,2.0,-1.0,0.9069767441860465,1.0,0.95,0.9729729729729732,1.1290322580645162,-0.5000000000000001,0.3660254037844388,0.0,1.0,1.044776119402986
-1.0,-0.8,-1.0,-0.8,-0.2558139534883721,-0.25,-0.25,-0.2577962577962576,0.03225806451612903,0.49999999999999994,0.3660254037844388,0.0,-1.0,-0.18684355997788885
-1.0,-0.6,-1.0,-0.8,-0.06976744186046512,-0.25,-0.25,-0.19126819126819072,0.03225806451612903,0.5773502691896257,1.793007356604921e-16,0.0,-0.9642857142857143,-0.18684355997788885
-1.0,-0.4,0.0,-0.8,-0.023255813953488372,-0.05,-0.25,-0.10810810810810784,-0.22580645161290322,0.5,-0.3660254037844383,0.0,-0.9285714285714286,-0.18242122719734677
-1.0,-0.2,0.0,-0.8,0.09302325581395349,0.0,-0.05,0.016632016632016938,-0.22580645161290322,0.2886751345948128,-0.6339745962155612,1.0,-0.8928571428571429,-0.14925373134328374
-1.0,0.0,0.0,-0.8,0.09302325581395349,0.125,0.0,0.07484407484407486,-0.22580645161290322,0.0,-0.7320508075688771,0.0,-0.8571428571428571,-0.11608623548922067
-1.0,0.2,1.0,-0.8,0.09302325581395349,0.125,0.125,0.11642411642411676,-0.22580645161290322,-0.2886751345948128,-0.6339745962155612,0.0,-0.8214285714285714,-0.08291873963515763
-1.0,0.4,1.0,-0.8,-0.13953488372093023,0.125,0.125,0.033264033264033877,-0.22580645161290322,-0.5,-0.36602540378443876,0.0,-0.7857142857142857,-0.07186290768380295
-1.0,0.6,1.0,-0.8,-0.13953488372093023,-0.125,0.125,-0.04989604989604991,-0.22580645161290322,-0.577350269189626,0.0,0.0,-0.75,-0.06080707573244925
-1.0,0.8,2.0,-0.8,-0.13953488372093023,-0.125,-0.125,-0.13305613305613279,-0.22580645161290322,-0.5000000000000001,0.3660254037844388,0.0,-0.7142857142857143,-0.04975124378109458
-1.0,1.0,2.0,-0.8,-0.13953488372093023,-0.125,-0.125,-0.13305613305613279,-0.22580645161290322,-0.2886751345948132,0.6339745962155612,0.0,-0.6785714285714286,-0.0386954118297399
-1.0,1.2,2.0,-0.8,-0.13953488372093023,-0.125,-0.125,-0.13305613305613279,-0.22580645161290322,-2.1211504774498138e-16,0.7320508075688774,0.0,-0.6428571428571429,-0.027639579878386198
-0.5,-1.0,-1.0,-0.8,-0.13953488372093023,-0.125,-0.125,-0.13305613305613279,-0.22580645161290322,0.2886751345948128,0.6339745962155615,0.0,-0.6071428571428571,-0.016583747927031524
-0.5,-0.8,-1.0,-0.8,-0.13953488372093023,-0.125,-0.125,-0.13305613305613279,0.03225806451612903,0.49999999999999994,0.3660254037844388,0.0,-0.5714285714285714,-0.005527915975676853
-0.5,-0.6,-1.0,-0.8,-0.13953488372093023,-0.125,-0.125,-0.13305613305613279,0.0967741935483871,0.5773502691896257,1.793007356604921e-16,0.0,-0.5357142857142857,-0.012161415146489463
-0.5,-0.4,0.0,-0.8,-0.13953488372093023,-0.125,-0.125,-0.13305613305613279,0.25806451612903225,0.5,-0.3660254037844383,0.0,-0.5,-0.023217247097844135
-0.5,-0.2,0.0,-0.8,-0.18604651162790697,-0.125,-0.125,-0.14968814968814972,0.25806451612903225,0.2886751345948128,-0.6339745962155612,1.0,-0.4642857142857143,-0.04975124378109458
-0.5,0.0,0.0,-0.8,-0.18604651162790697,-0.175,-0.125,-0.16632016632016577,0.25806451612903225,0.0,-0.7320508075688771,0.0,-0.42857142857142855,-0.07628524046434501
-0.5,0.2,1.0,-0.8,-0.18604651162790697,-0.175,-0.175,-0.1829521829521827,-0.06451612903225806,-0.2886751345948128,-0.6339745962155612,0.0,-0.39285714285714285,-0.10281923714759546
-0.5,0.4,1.0,-0.8,-0.3023255813953488,-0.175,-0.175,-0.2245322245322246,-0.06451612903225806,-0.5,-0.36602540378443876,0.0,-0.35714285714285715,-0.11829740187949123
-0.5,0.6,1.0,-0.8,-0.4883720930232558,-0.3,-0.175,-0.33264033264033244,-0.06451612903225806,-0.577350269189626,0.0,0.0,-0.32142857142857145,-0.1514648977335543
-0.5,0.8,2.0,-0.8,-0.4883720930232558,-0.5,-0.3,-0.4407484407484403,-0.06451612903225806,-0.5000000000000001,0.3660254037844388,0.0,-0.2857142857142857,-0.18463239358761732
-0.5,1.0,2.0,-0.8,-0.4883720930232558,-0.5,-0.5,-0.5072765072765071,-0.06451612903225806,-0.2886751345948132,0.6339745962155612,0.0,-0.25,-0.21779988944168038
-0.5,1.2,2.0,-0.8,-0.6046511627906976,-0.5,-0.5,-0.548856548856549,-0.06451612903225806,-2.1211504774498138e-16,0.7320508075688774,0.0,-0.21428571428571427,-0.2620232172470981
0.0,-1.0,-1.0,-0.8,-0.6046511627906976,-0.625,-0.5,-0.59043659043659,-0.06451612903225806,0.2886751345948128,0.6339745962155615,0.0,-0.17857142857142858,-0.3062465450525158
0.0,-0.8,-1.0,-0.8,-0.4186046511627907,-0.625,-0.625,-0.5654885654885651,-0.06451612903225806,0.49999999999999994,0.3660254037844388,0.0,-0.14285714285714285,-0.33278054173576627
0.0,-0.6,-1.0,-0.8,-0.4186046511627907,-0.425,-0.625,-0.4989604989604991,-0.06451612903225806,0.5773502691896257,1.793007356604921e-16,0.0,-0.10714285714285714,-0.3593145384190167
0.0,-0.4,0.0,-0.8,-0.06976744186046512,-0.425,-0.425,-0.3076923076923075,-0.12903225806451613,0.5,-0.3660254037844383,0.0,-0.07142857142857142,-0.3526810392482041
0.0,-0.2,0.0,-0.8,-0.06976744186046512,-0.05,-0.425,-0.1829521829521827,-0.12903225806451613,0.2886751345948128,-0.6339745962155612,1.0,-0.03571428571428571,-0.3416252072968494
0.0,0.0,0.0,-0.8,-0.06976744186046512,-0.05,-0.05,-0.058212058212057924,-0.12903225806451613,0.0,-0.7320508075688771,0.0,0.0,-0.33056937534549474
0.0,0.2,1.0,-0.8,-0.06976744186046512,-0.05,-0.05,-0.058212058212057924,-0.2903225806451613,-0.2886751345948128,-0.6339745962155612,0.0,0.03571428571428571,-0.31951354339414106
0.0,0.4,1.0,-0.8,-0.20930232558139536,-0.05,-0.05,-0.10810810810810784,-0.5483870967741935,-0.5,-0.36602540378443876,0.0,0.07142857142857142,-0.3106688778330569
0.0,0.6,1.0,-0.8,-0.20930232558139536,-0.2,-0.05,-0.15800415800415776,-0.5483870967741935,-0.577350269189626,0.0,0.0,0.10714285714285714,-0.28413488114980645
0.0,0.8,2.0,-0.8,-0.16279069767441862,-0.2,-0.2,-0.19126819126819072,-0.5483870967741935,-0.5000000000000001,0.3660254037844388,0.0,0.14285714285714285,-0.25317855168601494
0.0,1.0,2.0,-0.8,-0.20930232558139536,-0.15,-0.2,-0.19126819126819072,-0.7096774193548387,-0.2886751345948132,0.6339745962155612,0.0,0.17857142857142858,-0.2266445550027645
0.0,1.2,2.0,-0.8,-0.16279069767441862,-0.2,-0.15,-0.1746361746361747,-0.7096774193548387,-2.1211504774498138e-16,0.7320508075688774,0.0,0.21428571428571427,-0.18463239358761732
0.5,-1.0,-1.0,-0.8,-0.09302325581395349,-0.15,-0.2,-0.14968814968814972,-0.45161290322580644,0.2886751345948128,0.6339745962155615,0.0,0.25,-0.1359867330016585
0.5,-0.8,-1.0,-0.8,-0.06976744186046512,-0.075,-0.15,-0.09979209979209983,-0.45161290322580644,0.49999999999999994,0.3660254037844388,0.0,0.2857142857142857,-0.10281923714759546
0.5,-0.6,-1.0,-0.8,0.27906976744186046,-0.05,-0.075,0.05821205821205883,0.03225806451612903,0.5773502691896257,1.793007356604921e-16,0.0,0.32142857142857145,-0.036484245439469355
0.5,-0.4,0.0,-0.8,0.20930232558139536,0.325,-0.05,0.16632016632016666,0.03225806451612903,0.5,-0.3660254037844383,1.0,0.35714285714285715,-0.009950248756218916
0.5,-0.2,0.0,-0.8,0.5116279069767442,0.25,0.325,0.37422037422037435,0.03225806451612903,0.2886751345948128,-0.6339745962155612,0.0,0.39285714285714285,0.045328911000552516
0.5,0.0,0.0,-0.8,0.5116279069767442,0.575,0.25,0.4573804573804581,0.03225806451612903,0.0,-0.7320508075688771,0.0,0.42857142857142855,0.1006080707573249
0.5,0.2,1.0,-0.8,0.4418604651162791,0.575,0.575,0.540540540540541,-0.16129032258064516,-0.2886751345948128,-0.6339745962155612,0.0,0.4642857142857143,0.14925373134328374
0.5,0.4,1.0,-0.8,0.3953488372093023,0.5,0.575,0.4989604989604991,-0.16129032258064516,-0.5,-0.36602540378443876,0.0,0.5,0.20674405749032668
0.5,0.6,1.0,-0.8,0.4418604651162791,0.45,0.5,0.47401247401247415,-0.0967741935483871,-0.577350269189626,0.0,0.0,0.5357142857142857,0.2686567164179107
0.5,0.8,2.0,-0.8,0.7906976744186046,0.5,0.45,0.5987525987525989,-0.16129032258064516,-0.5000000000000001,0.3660254037844388,0.0,0.5714285714285714,0.3593145384190167
0.5,1.0,2.0,-0.8,1.2093023255813953,0.875,0.5,0.8898128898128904,-0.0967741935483871,-0.2886751345948132,0.6339745962155612,0.0,0.6071428571428571,0.49419568822553944
0.5,1.2,2.0,-0.8,1.2093023255813953,1.325,0.875,1.164241164241165,0.0,-2.1211504774498138e-16,0.7320508075688774,0.0,0.6428571428571429,0.6246545052515211
1.0,-1.0,-1.0,-0.8,1.2093023255813953,1.325,1.325,1.3139293139293147,0.03225806451612903,0.2886751345948128,0.6339745962155615,0.0,0.6785714285714286,0.7484798231066891
1.0,-0.8,-1.0,-0.8,1.255813953488372,1.325,1.325,1.3305613305613315,0.5161290322580645,0.49999999999999994,0.3660254037844388,0.0,0.7142857142857143,0.8745163073521288
1.0,-0.6,-1.0,-0.8,1.5813953488372092,1.375,1.325,1.4636174636174644,0.41935483870967744,0.5773502691896257,1.793007356604921e-16,0.0,0.75,0.9983416252072979
1.0,-0.4,0.0,-0.8,2.372093023255814,1.725,1.375,1.8794178794178806,0.8387096774193549,0.5,-0.3660254037844383,1.0,0.7857142857142857,1.2039800995024887
1.0,-0.2,0.0,-0.8,1.697674418604651,2.575,1.725,2.037422037422038,0.8387096774193549,0.2886751345948128,-0.6339745962155612,0.0,0.8214285714285714,1.3167495854063032
1.0,0.0,0.0,-0.8,1.3255813953488371,1.85,2.575,1.9459459459459465,0.7419354838709677,0.0,-0.7320508075688771,0.0,0.8571428571428571,1.3941404090657838
1.0,0.2,1.0,-0.8,1.3953488372093024,1.45,1.85,1.5966735966735972,0.6774193548387096,-0.2886751345948128,-0.6339745962155612,0.0,0.8928571428571429,1.4847982310668888
1.0,0.4,1.0,-0.8,1.3953488372093024,1.525,1.45,1.4885654885654893,0.7419354838709677,-0.5,-0.36602540378443876,0.0,0.9285714285714286,1.579878385848537
1.0,0.6,1.0,-0.8,1.5116279069767442,1.525,1.525,1.555093555093556,1.2258064516129032,-0.577350269189626,0.0,0.0,0.9642857142857143,1.6815920398009967
1.0,0.8,2.0,-0.8,1.5116279069767442,1.65,1.525,1.5966735966735972,1.8064516129032258,-0.5000000000000001,0.3660254037844388,0.0,1.0,1.7501381978993933
-1.0,-0.8,-1.0,-0.6,0.06976744186046512,0.1,0.1,0.0914760914760918,0.41935483870967744,0.49999999999999994,0.3660254037844388,0.0,-1.0,0.16252072968490894
-1.0,-0.6,-1.0,-0.6,0.27906976744186046,0.1,0.1,0.16632016632016666,0.3225806451612903,0.5773502691896257,1.793007356604921e-16,0.0,-0.9642857142857143,0.16915422885572157
-1.0,-0.4,0.0,-0.6,0.32558139534883723,0.325,0.1,0.2577962577962585,0.2903225806451613,0.5,-0.3660254037844383,0.0,-0.9285714285714286,0.18684355997788885
-1.0,-0.2,0.0,-0.6,0.4418604651162791,0.375,0.325,0.39085239085239126,0.2903225806451613,0.2886751345948128,-0.6339745962155612,1.0,-0.8928571428571429,0.21779988944168038
-1.0,0.0,0.0,-0.6,0.4418604651162791,0.5,0.375,0.4490644490644492,0.16129032258064516,0.0,-0.7320508075688771,0.0,-0.8571428571428571,0.24875621890547286
-1.0,0.2,1.0,-0.6,0.4418604651162791,0.5,0.5,0.4906444906444911,0.16129032258064516,-0.2886751345948128,-0.6339745962155612,0.0,-0.8214285714285714,0.28855721393034856
-1.0,0.4,1.0,-0.6,0.46511627906976744,0.5,0.5,0.4989604989604991,0.16129032258064516,-0.5,-0.36602540378443876,0.0,-0.7857142857142857,0.33056937534549474
-1.0,0.6,1.0,-0.6,0.46511627906976744,0.525,0.5,0.5072765072765081,0.1935483870967742,-0.577350269189626,0.0,0.0,-0.75,0.37258153676064193
-1.0,0.8,2.0,-0.6,0.46511627906976744,0.525,0.525,0.5155925155925161,0.22580645161290322,-0.5000000000000001,0.3660254037844388,0.0,-0.7142857142857143,0.4123825317855176
-1.0,1.0,2.0,-0.6,0.46511627906976744,0.525,0.525,0.5155925155925161,0.22580645161290322,-0.2886751345948132,0.6339745962155612,0.0,-0.6785714285714286,0.44997236042012173
-1.0,1.2,2.0,-0.6,0.46511627906976744,0.525,0.525,0.5155925155925161,0.22580645161290322,-2.1211504774498138e-16,0.7320508075688774,0.0,-0.6428571428571429,0.4875621890547268
-0.5,-1.0,-1.0,-0.6,0.4418604651162791,0.525,0.525,0.5072765072765081,0.22580645161290322,0.2886751345948128,0.6339745962155615,0.0,-0.6071428571428571,0.5229408512990604
-0.5,-0.8,-1.0,-0.6,0.4418604651162791,0.5,0.525,0.4989604989604991,0.5161290322580645,0.49999999999999994,0.3660254037844388,0.0,-0.5714285714285714,0.558319513543395
-0.5,-0.6,-1.0,-0.6,0.4418604651162791,0.5,0.5,0.4906444906444911,0.5806451612903226,0.5773502691896257,1.793007356604921e-16,0.0,-0.5357142857142857,0.5737976782752908
-0.5,-0.4,0.0,-0.6,0.4418604651162791,0.5,0.5,0.4906444906444911,0.7419354838709677,0.5,-0.3660254037844383,0.0,-0.5,0.5848535102266454
-0.5,-0.2,0.0,-0.6,0.4418604651162791,0.5,0.5,0.4906444906444911,0.7419354838709677,0.2886751345948128,-0.6339745962155612,1.0,-0.4642857142857143,0.5848535102266454
-0.5,0.0,0.0,-0.6,0.46511627906976744,0.5,0.5,0.4989604989604991,0.7419354838709677,0.0,-0.7320508075688771,0.0,-0.42857142857142855,0.587064676616916
-0.5,0.2,1.0,-0.6,0.46511627906976744,0.525,0.5,0.5072765072765081,0.7741935483870968,-0.2886751345948128,-0.6339745962155612,0.0,-0.39285714285714285,0.5892758430071865
-0.5,0.4,1.0,-0.6,0.4418604651162791,0.525,0.525,0.5072765072765081,0.7741935483870968,-0.5,-0.36602540378443876,0.0,-0.35714285714285715,0.587064676616916
-0.5,0.6,1.0,-0.6,0.4186046511627907,0.5,0.525,0.4906444906444911,0.7741935483870968,-0.577350269189626,0.0,0.0,-0.32142857142857145,0.5826423438363739
-0.5,0.8,2.0,-0.6,0.3953488372093023,0.475,0.5,0.46569646569646617,0.7741935483870968,-0.5000000000000001,0.3660254037844388,0.0,-0.2857142857142857,0.5760088446655613
-0.5,1.0,2.0,-0.6,0.3953488372093023,0.45,0.475,0.4490644490644492,0.7741935483870968,-0.2886751345948132,0.6339745962155612,0.0,-0.25,0.5693753454947487
-0.5,1.2,2.0,-0.6,0.3953488372093023,0.45,0.45,0.44074844074844116,0.7419354838709677,-2.1211504774498138e-16,0.7320508075688774,0.0,-0.21428571428571427,0.5627418463239361
0.0,-1.0,-1.0,-0.6,0.4418604651162791,0.45,0.45,0.4573804573804581,0.7419354838709677,0.2886751345948128,0.6339745962155615,0.0,-0.17857142857142858,0.5627418463239361
0.0,-0.8,-1.0,-0.6,0.5348837209302325,0.5,0.45,0.5072765072765081,0.7419354838709677,0.49999999999999994,0.3660254037844388,0.0,-0.14285714285714285,0.5715865118850202
0.0,-0.6,-1.0,-0.6,0.5348837209302325,0.6,0.5,0.557172557172558,0.7419354838709677,0.5773502691896257,1.793007356604921e-16,0.0,-0.10714285714285714,0.5804311774461034
0.0,-0.4,0.0,-0.6,0.5116279069767442,0.6,0.6,0.5821205821205829,0.7419354838709677,0.5,-0.3660254037844383,0.0,-0.07142857142857142,0.587064676616916
0.0,-0.2,0.0,-0.6,0.5116279069767442,0.575,0.6,0.573804573804574,0.7741935483870968,0.2886751345948128,-0.6339745962155612,1.0,-0.03571428571428571,0.5936981757877287
0.0,0.0,0.0,-0.6,0.5116279069767442,0.575,0.575,0.565488565488566,0.7741935483870968,0.0,-0.7320508075688771,0.0,0.0,0.5981205085682707
0.0,0.2,1.0,-0.6,0.5116279069767442,0.575,0.575,0.565488565488566,0.7419354838709677,-0.2886751345948128,-0.6339745962155612,0.0,0.03571428571428571,0.6025428413488118
0.0,0.4,1.0,-0.6,0.46511627906976744,0.575,0.575,0.548856548856549,0.7096774193548387,-0.5,-0.36602540378443876,0.0,0.07142857142857142,0.6047540077390833
0.0,0.6,1.0,-0.6,0.46511627906976744,0.525,0.575,0.532224532224533,0.6774193548387096,-0.577350269189626,0.0,0.0,0.10714285714285714,0.6091763405196243
0.0,0.8,2.0,-0.6,0.6046511627906976,0.525,0.525,0.565488565488566,0.6774193548387096,-0.5000000000000001,0.3660254037844388,0.0,0.14285714285714285,0.6290768380320622
0.0,1.0,2.0,-0.6,0.627906976744186,0.675,0.525,0.6237006237006238,0.6774193548387096,-0.2886751345948132,0.6339745962155612,0.0,0.17857142857142858,0.6511885019347715
0.0,1.2,2.0,-0.6,0.627906976744186,0.7,0.675,0.6819126819126827,0.7419354838709677,-2.1211504774498138e-16,0.7320508075688774,0.0,0.21428571428571427,0.6733001658374799
0.5,-1.0,-1.0,-0.6,0.7209302325581395,0.7,0.7,0.7234927234927238,0.8709677419354839,0.2886751345948128,0.6339745962155615,0.0,0.25,0.6998341625207304
0.5,-0.8,-1.0,-0.6,0.7674418604651163,0.8,0.7,0.7733887733887737,0.8709677419354839,0.49999999999999994,0.3660254037844388,0.0,0.2857142857142857,0.7219458264234387
0.5,-0.6,-1.0,-0.6,0.8604651162790697,0.85,0.8,0.8565488565488574,0.8387096774193549,0.5773502691896257,1.793007356604921e-16,0.0,0.32142857142857145,0.7529021558872312
0.5,-0.4,0.0,-0.6,0.9767441860465116,0.95,0.85,0.9480249480249483,0.8387096774193549,0.5,-0.3660254037844383,1.0,0.35714285714285715,0.797125483692649
0.5,-0.2,0.0,-0.6,0.9534883720930233,1.075,0.95,1.014553014553015,0.8387096774193549,0.2886751345948128,-0.6339745962155612,0.0,0.39285714285714285,0.8391376451077952
0.5,0.0,0.0,-0.6,0.9534883720930233,1.05,1.075,1.047817047817048,0.8387096774193549,0.0,-0.7320508075688771,0.0,0.42857142857142855,0.8811498065229414
0.5,0.2,1.0,-0.6,0.9534883720930233,1.05,1.05,1.0395010395010402,0.7741935483870968,-0.2886751345948128,-0.6339745962155612,0.0,0.4642857142857143,0.9231619679380886
0.5,0.4,1.0,-0.6,0.9534883720930233,1.05,1.05,1.0395010395010402,0.7741935483870968,-0.5,-0.36602540378443876,0.0,0.5,0.9695964621337768
0.5,0.6,1.0,-0.6,0.9302325581395349,1.05,1.05,1.0311850311850321,0.967741935483871,-0.577350269189626,0.0,0.0,0.5357142857142857,1.0138197899391936
0.5,0.8,2.0,-0.6,1.2093023255813953,1.025,1.05,1.122661122661123,1.0,-0.5000000000000001,0.3660254037844388,0.0,0.5714285714285714,1.0713101160862366
0.5,1.0,2.0,-0.6,1.2790697674418605,1.325,1.025,1.2390852390852398,1.0,-0.2886751345948132,0.6339745962155612,0.0,0.6071428571428571,1.1332227750138206
0.5,1.2,2.0,-0.6,1.2790697674418605,1.4,1.325,1.3638253638253646,1.1290322580645162,-2.1211504774498138e-16,0.7320508075688774,0.0,0.6428571428571429,1.1951354339414055
1.0,-1.0,-1.0,-0.6,1.2790697674418605,1.4,1.4,1.3887733887733895,1.1935483870967742,0.2886751345948128,0.6339745962155615,0.0,0.6785714285714286,1.2482034273079063
1.0,-0.8,-1.0,-0.6,1.2790697674418605,1.4,1.4,1.3887733887733895,1.3225806451612903,0.49999999999999994,0.3660254037844388,0.0,0.7142857142857143,1.2968490878938652
1.0,-0.6,-1.0,-0.6,1.4186046511627908,1.4,1.4,1.4386694386694394,1.4838709677419355,0.5773502691896257,1.793007356604921e-16,0.0,0.75,1.3499170812603662
1.0,-0.4,0.0,-0.6,1.627906976744186,1.55,1.4,1.5634095634095642,1.4516129032258065,0.5,-0.3660254037844383,1.0,0.7857142857142857,1.4118297401879503
1.0,-0.2,0.0,-0.6,1.5813953488372092,1.775,1.55,1.671517671517672,1.4516129032258065,0.2886751345948128,-0.6339745962155612,0.0,0.8214285714285714,1.4715312327252636
1.0,0.0,0.0,-0.6,1.372093023255814,1.725,1.775,1.654885654885656,1.4516129032258065,0.0,-0.7320508075688771,0.0,0.8571428571428571,1.5113322277501393
1.0,0.2,1.0,-0.6,1.2790697674418605,1.5,1.725,1.5301455301455311,1.4516129032258065,-0.2886751345948128,-0.6339745962155612,0.0,0.8928571428571429,1.5422885572139318
1.0,0.4,1.0,-0.6,1.302325581395349,1.4,1.5,1.4303534303534313,1.4193548387096775,-0.5,-0.36602540378443876,0.0,0.9285714285714286,1.5754560530679949
1.0,0.6,1.0,-0.6,1.3488372093023255,1.425,1.4,1.4220374220374226,1.8064516129032258,-0.577350269189626,0.0,0.0,0.9642857142857143,1.6152570480928705
1.0,0.8,2.0,-0.6,1.3488372093023255,1.475,1.425,1.4469854469854475,1.903225806451613,-0.5000000000000001,0.3660254037844388,0.0,1.0,1.6285240464344957
-1.0,-0.8,-1.0,-0.4,0.09302325581395349,0.125,0.125,0.11642411642411676,0.1935483870967742,0.49999999999999994,0.3660254037844388,0.0,-1.0,0.12714206744057535
-1.0,-0.6,-1.0,-0.4,0.09302325581395349,0.125,0.125,0.11642411642411676,0.1935483870967742,0.5773502691896257,1.793007356604921e-16,0.0,-0.9642857142857143,0.13156440022111646
-1.0,-0.4,0.0,-0.4,0.09302325581395349,0.125,0.125,0.11642411642411676,0.16129032258064516,0.5,-0.3660254037844383,0.0,-0.9285714285714286,0.1359867330016585
-1.0,-0.2,0.0,-0.4,-0.18604651162790697,0.125,0.125,0.016632016632016938,0.16129032258064516,0.2886751345948128,-0.6339745962155612,1.0,-0.8928571428571429,0.11608623548922067
-1.0,0.0,0.0,-0.4,-0.18604651162790697,-0.175,0.125,-0.08316008316008289,0.16129032258064516,0.0,-0.7320508075688771,0.0,-0.8571428571428571,0.09618573797678284
-1.0,0.2,1.0,-0.4,-0.18604651162790697,-0.175,-0.175,-0.1829521829521827,0.16129032258064516,-0.2886751345948128,-0.6339745962155612,0.0,-0.8214285714285714,0.07628524046434501
-1.0,0.4,1.0,-0.4,-0.18604651162790697,-0.175,-0.175,-0.1829521829521827,0.16129032258064516,-0.5,-0.36602540378443876,0.0,-0.7857142857142857,0.05638474295190719
-1.0,0.6,1.0,-0.4,-0.18604651162790697,-0.175,-0.175,-0.1829521829521827,0.16129032258064516,-0.577350269189626,0.0,0.0,-0.75,0.036484245439469355
-1.0,0.8,2.0,-0.4,-0.18604651162790697,-0.175,-0.175,-0.1829521829521827,0.25806451612903225,-0.5000000000000001,0.3660254037844388,0.0,-0.7142857142857143,0.016583747927031524
-1.0,1.0,2.0,-0.4,-0.18604651162790697,-0.175,-0.175,-0.1829521829521827,0.25806451612903225,-0.2886751345948132,0.6339745962155612,0.0,-0.6785714285714286,-0.009950248756218916
-1.0,1.2,2.0,-0.4,-0.18604651162790697,-0.175,-0.175,-0.1829521829521827,0.25806451612903225,-2.1211504774498138e-16,0.7320508075688774,0.0,-0.6428571428571429,-0.036484245439469355
-0.5,-1.0,-1.0,-0.4,-0.18604651162790697,-0.175,-0.175,-0.1829521829521827,0.25806451612903225,0.2886751345948128,0.6339745962155615,0.0,-0.6071428571428571,-0.0630182421227198
-0.5,-0.8,-1.0,-0.4,-0.18604651162790697,-0.175,-0.175,-0.1829521829521827,0.25806451612903225,0.49999999999999994,0.3660254037844388,0.0,-0.5714285714285714,-0.08955223880597024
-0.5,-0.6,-1.0,-0.4,-0.18604651162790697,-0.175,-0.175,-0.1829521829521827,0.25806451612903225,0.5773502691896257,1.793007356604921e-16,0.0,-0.5357142857142857,-0.11608623548922067
-0.5,-0.4,0.0,-0.4,-0.18604651162790697,-0.175,-0.175,-0.1829521829521827,-0.12903225806451613,0.5,-0.3660254037844383,0.0,-0.5,-0.1426202321724711
-0.5,-0.2,0.0,-0.4,-0.18604651162790697,-0.175,-0.175,-0.1829521829521827,-0.12903225806451613,0.2886751345948128,-0.6339745962155612,1.0,-0.4642857142857143,-0.1426202321724711
-0.5,0.0,0.0,-0.4,-0.18604651162790697,-0.175,-0.175,-0.1829521829521827,-0.12903225806451613,0.0,-0.7320508075688771,0.0,-0.42857142857142855,-0.1426202321724711
-0.5,0.2,1.0,-0.4,-0.18604651162790697,-0.175,-0.175,-0.1829521829521827,-0.12903225806451613,-0.2886751345948128,-0.6339745962155612,0.0,-0.39285714285714285,-0.1426202321724711
-0.5,0.4,1.0,-0.4,-0.16279069767441862,-0.175,-0.175,-0.1746361746361747,-0.12903225806451613,-0.5,-0.36602540378443876,0.0,-0.35714285714285715,-0.14040906578220058
-0.5,0.6,1.0,-0.4,-0.16279069767441862,-0.15,-0.175,-0.16632016632016577,-0.12903225806451613,-0.577350269189626,0.0,0.0,-0.32142857142857145,-0.13819789939192906
-0.5,0.8,2.0,-0.4,-0.16279069767441862,-0.15,-0.15,-0.15800415800415776,-0.12903225806451613,-0.5000000000000001,0.3660254037844388,0.0,-0.2857142857142857,-0.1359867330016585
-0.5,1.0,2.0,-0.4,-0.16279069767441862,-0.15,-0.15,-0.15800415800415776,-0.12903225806451613,-0.2886751345948132,0.6339745962155612,0.0,-0.25,-0.13377556661138795
-0.5,1.2,2.0,-0.4,-0.16279069767441862,-0.15,-0.15,-0.15800415800415776,-0.12903225806451613,-2.1211504774498138e-16,0.7320508075688774,0.0,-0.21428571428571427,-0.13156440022111646
0.0,-1.0,-1.0,-0.4,-0.16279069767441862,-0.15,-0.15,-0.15800415800415776,-0.12903225806451613,0.2886751345948128,0.6339745962155615,0.0,-0.17857142857142858,-0.1293532338308459
0.0,-0.8,-1.0,-0.4,-0.16279069767441862,-0.15,-0.15,-0.15800415800415776,-0.12903225806451613,0.49999999999999994,0.3660254037844388,0.0,-0.14285714285714285,-0.12714206744057535
0.0,-0.6,-1.0,-0.4,-0.16279069767441862,-0.15,-0.15,-0.15800415800415776,-0.12903225806451613,0.5773502691896257,1.793007356604921e-16,0.0,-0.10714285714285714,-0.12493090105030383
0.0,-0.4,0.0,-0.4,-0.16279069767441862,-0.15,-0.15,-0.15800415800415776,-0.12903225806451613,0.5,-0.3660254037844383,0.0,-0.07142857142857142,-0.12271973466003329
0.0,-0.2,0.0,-0.4,-0.16279069767441862,-0.15,-0.15,-0.15800415800415776,-0.12903225806451613,0.2886751345948128,-0.6339745962155612,1.0,-0.03571428571428571,-0.12050856826976274
0.0,0.0,0.0,-0.4,-0.16279069767441862,-0.15,-0.15,-0.15800415800415776,-0.12903225806451613,0.0,-0.7320508075688771,0.0,0.0,-0.11829740187949123
0.0,0.2,1.0,-0.4,-0.16279069767441862,-0.15,-0.15,-0.15800415800415776,-0.0967741935483871,-0.2886751345948128,-0.6339745962155612,0.0,0.03571428571428571,-0.11608623548922067
0.0,0.4,1.0,-0.4,-0.09302325581395349,-0.15,-0.15,-0.13305613305613279,-0.0967741935483871,-0.5,-0.36602540378443876,0.0,0.07142857142857142,-0.10945273631840807
0.0,0.6,1.0,-0.4,-0.09302325581395349,-0.075,-0.15,-0.10810810810810784,-0.0967741935483871,-0.577350269189626,0.0,0.0,0.10714285714285714,-0.10281923714759546
0.0,0.8,2.0,-0.4,0.09302325581395349,-0.075,-0.075,-0.016632016632016033,-0.0967741935483871,-0.5000000000000001,0.3660254037844388,0.0,0.14285714285714285,-0.07849640685461556
0.0,1.0,2.0,-0.4,0.37209302325581395,0.125,-0.075,0.14968814968814972,-0.0967741935483871,-0.2886751345948132,0.6339745962155612,0.0,0.17857142857142858,-0.027639579878386198
0.0,1.2,2.0,-0.4,0.37209302325581395,0.425,0.125,0.3160083160083164,-0.0967741935483871,-2.1211504774498138e-16,0.7320508075688774,0.0,0.21428571428571427,0.023217247097844135
0.5,-1.0,-1.0,-0.4,0.37209302325581395,0.425,0.425,0.4158004158004162,-0.0967741935483871,0.2886751345948128,0.6339745962155615,0.0,0.25,0.07407407407407447
0.5,-0.8,-1.0,-0.4,0.37209302325581395,0.425,0.425,0.4158004158004162,-0.0967741935483871,0.49999999999999994,0.3660254037844388,0.0,0.2857142857142857,0.12493090105030383
0.5,-0.6,-1.0,-0.4,0.37209302325581395,0.425,0.425,0.4158004158004162,-0.0967741935483871,0.5773502691896257,1.793007356604921e-16,0.0,0.32142857142857145,0.17578772802653417
0.5,-0.4,0.0,-0.4,0.3953488372093023,0.425,0.425,0.42411642411642425,-0.0967741935483871,0.5,-0.3660254037844383,1.0,0.35714285714285715,0.22885572139303503
0.5,-0.2,0.0,-0.4,0.3953488372093023,0.45,0.425,0.4324324324324332,-0.0967741935483871,0.2886751345948128,-0.6339745962155612,0.0,0.39285714285714285,0.2819237147595359
0.5,0.0,0.0,-0.4,0.3953488372093023,0.45,0.45,0.44074844074844116,-0.0967741935483871,0.0,-0.7320508075688771,0.0,0.42857142857142855,0.3349917081260368
0.5,0.2,1.0,-0.4,0.3953488372093023,0.45,0.45,0.44074844074844116,0.0,-0.2886751345948128,-0.6339745962155612,0.0,0.4642857142857143,0.3880597014925377
0.5,0.4,1.0,-0.4,0.6046511627906976,0.45,0.45,0.5155925155925161,0.0,-0.5,-0.36602540378443876,0.0,0.5,0.4543946932006638
0.5,0.6,1.0,-0.4,0.7441860465116279,0.675,0.45,0.6403326403326408,0.25806451612903225,-0.577350269189626,0.0,0.0,0.5357142857142857,0.5339966832504152
0.5,0.8,2.0,-0.4,1.0,0.825,0.675,0.8565488565488574,0.6451612903225806,-0.5000000000000001,0.3660254037844388,0.0,0.5714285714285714,0.6202321724709791
0.5,1.0,2.0,-0.4,1.0930232558139534,1.1,0.825,1.0311850311850321,0.6451612903225806,-0.2886751345948132,0.6339745962155612,0.0,0.6071428571428571,0.6887783305693757
0.5,1.2,2.0,-0.4,1.0930232558139534,1.2,1.1,1.1559251559251569,0.6451612903225806,-2.1211504774498138e-16,0.7320508075688774,0.0,0.6428571428571429,0.7573244886677734
1.0,-1.0,-1.0,-0.4,1.3255813953488371,1.2,1.2,1.2723492723492726,0.6451612903225806,0.2886751345948128,0.6339745962155615,0.0,0.6785714285714286,0.8479823106688783
1.0,-0.8,-1.0,-0.4,1.3255813953488371,1.45,1.2,1.3555093555093565,0.6451612903225806,0.49999999999999994,0.3660254037844388,0.0,0.7142857142857143,0.9386401326699844
1.0,-0.6,-1.0,-0.4,1.3255813953488371,1.45,1.45,1.4386694386694394,0.6774193548387096,0.5773502691896257,1.793007356604921e-16,0.0,0.75,1.0292979546710903
1.0,-0.4,0.0,-0.4,1.6046511627906976,1.45,1.45,1.5384615384615392,0.6774193548387096,0.5,-0.3660254037844383,1.0,0.7857142857142857,1.1442786069651751
1.0,-0.2,0.0,-0.4,1.441860465116279,1.75,1.45,1.580041580041581,0.6774193548387096,0.2886751345948128,-0.6339745962155612,0.0,0.8214285714285714,1.2437810945273644
1.0,0.0,0.0,-0.4,1.441860465116279,1.575,1.75,1.6216216216216222,0.6774193548387096,0.0,-0.7320508075688771,0.0,0.8571428571428571,1.3432835820895535
1.0,0.2,1.0,-0.4,1.441860465116279,1.575,1.575,1.5634095634095642,0.967741935483871,-0.2886751345948128,-0.6339745962155612,0.0,0.8928571428571429,1.4427860696517427
1.0,0.4,1.0,-0.4,1.441860465116279,1.575,1.575,1.5634095634095642,1.1612903225806452,-0.5,-0.36602540378443876,0.0,0.9285714285714286,1.522388059701494
1.0,0.6,1.0,-0.4,1.372093023255814,1.575,1.575,1.5384615384615392,1.5161290322580645,-0.577350269189626,0.0,0.0,0.9642857142857143,1.5820895522388074
1.0,0.8,2.0,-0.4,1.441860465116279,1.5,1.575,1.5384615384615392,1.6451612903225807,-0.5000000000000001,0.3660254037844388,0.0,1.0,1.6241017136539537
-1.0,-0.8,-1.0,-0.2,-0.4186046511627907,-0.425,-0.425,-0.43243243243243223,-0.2903225806451613,0.49999999999999994,0.3660254037844388,0.0,-1.0,-0.3814262023217251
-1.0,-0.6,-1.0,-0.2,-0.3488372093023256,-0.425,-0.425,-0.4074844074844073,-0.2903225806451613,0.5773502691896257,1.793007356604921e-16,0.0,-0.9642857142857143,-0.38584853510226713
-1.0,-0.4,0.0,-0.2,-0.32558139534883723,-0.35,-0.425,-0.37422037422037435,-0.3870967741935484,0.5,-0.3660254037844383,0.0,-0.9285714285714286,-0.3880597014925377
-1.0,-0.2,0.0,-0.2,-0.3023255813953488,-0.325,-0.35,-0.33264033264033244,-0.3870967741935484,0.2886751345948128,-0.6339745962155612,1.0,-0.8928571428571429,-0.3814262023217251
-1.0,0.0,0.0,-0.2,-0.3023255813953488,-0.3,-0.325,-0.3160083160083155,-0.4838709677419355,0.0,-0.7320508075688771,0.0,-0.8571428571428571,-0.37479270315091245
-1.0,0.2,1.0,-0.2,-0.3023255813953488,-0.3,-0.3,-0.3076923076923075,-0.4838709677419355,-0.2886751345948128,-0.6339745962155612,0.0,-0.8214285714285714,-0.36152570480928725
-1.0,0.4,1.0,-0.2,-0.3488372093023256,-0.3,-0.3,-0.3243243243243244,-0.45161290322580644,-0.5,-0.36602540378443876,0.0,-0.7857142857142857,-0.3526810392482041
-1.0,0.6,1.0,-0.2,-0.3953488372093023,-0.35,-0.3,-0.3575883575883574,-0.45161290322580644,-0.577350269189626,0.0,0.0,-0.75,-0.3504698728579326
-1.0,0.8,2.0,-0.2,-0.3953488372093023,-0.4,-0.35,-0.3908523908523904,-0.45161290322580644,-0.5000000000000001,0.3660254037844388,0.0,-0.7142857142857143,-0.34825870646766205
-1.0,1.0,2.0,-0.2,-0.3953488372093023,-0.4,-0.4,-0.4074844074844073,-0.45161290322580644,-0.2886751345948132,0.6339745962155612,0.0,-0.6785714285714286,-0.34604754007739147
-1.0,1.2,2.0,-0.2,-0.3953488372093023,-0.4,-0.4,-0.4074844074844073,-0.45161290322580644,-2.1211504774498138e-16,0.7320508075688774,0.0,-0.6428571428571429,-0.34383637368711994
-0.5,-1.0,-1.0,-0.2,-0.4418604651162791,-0.4,-0.4,-0.42411642411642425,-0.45161290322580644,0.2886751345948128,0.6339745962155615,0.0,-0.6071428571428571,-0.34604754007739147
-0.5,-0.8,-1.0,-0.2,-0.4418604651162791,-0.45,-0.4,-0.4407484407484403,-0.3548387096774194,0.49999999999999994,0.3660254037844388,0.0,-0.5714285714285714,-0.34825870646766205
-0.5,-0.6,-1.0,-0.2,-0.4418604651162791,-0.45,-0.45,-0.45738045738045724,-0.3225806451612903,0.5773502691896257,1.793007356604921e-16,0.0,-0.5357142857142857,-0.3571033720287452
-0.5,-0.4,0.0,-0.2,-0.4418604651162791,-0.45,-0.45,-0.45738045738045724,-0.2903225806451613,0.5,-0.3660254037844383,0.0,-0.5,-0.3681592039800999
-0.5,-0.2,0.0,-0.2,-0.4418604651162791,-0.45,-0.45,-0.45738045738045724,-0.2903225806451613,0.2886751345948128,-0.6339745962155612,1.0,-0.4642857142857143,-0.3814262023217251
-0.5,0.0,0.0,-0.2,-0.4418604651162791,-0.45,-0.45,-0.45738045738045724,-0.2903225806451613,0.0,-0.7320508075688771,0.0,-0.42857142857142855,-0.3946932006633503
-0.5,0.2,1.0,-0.2,-0.4418604651162791,-0.45,-0.45,-0.45738045738045724,-0.3548387096774194,-0.2886751345948128,-0.6339745962155612,0.0,-0.39285714285714285,-0.40796019900497554
-0.5,0.4,1.0,-0.2,-0.4418604651162791,-0.45,-0.45,-0.45738045738045724,-0.41935483870967744,-0.5,-0.36602540378443876,0.0,-0.35714285714285715,-0.4168048645660587
-0.5,0.6,1.0,-0.2,-0.46511627906976744,-0.45,-0.45,-0.4656964656964652,-0.41935483870967744,-0.577350269189626,0.0,0.0,-0.32142857142857145,-0.42343836373687127
-0.5,0.8,2.0,-0.2,-0.46511627906976744,-0.475,-0.45,-0.47401247401247415,-0.41935483870967744,-0.5000000000000001,0.3660254037844388,0.0,-0.2857142857142857,-0.4300718629076839
-0.5,1.0,2.0,-0.2,-0.46511627906976744,-0.475,-0.475,-0.4823284823284822,-0.41935483870967744,-0.2886751345948132,0.6339745962155612,0.0,-0.25,-0.43670536207849653
-0.5,1.2,2.0,-0.2,-0.46511627906976744,-0.475,-0.475,-0.4823284823284822,-0.4838709677419355,-2.1211504774498138e-16,0.7320508075688774,0.0,-0.21428571428571427,-0.4433388612493091
0.0,-1.0,-1.0,-0.2,-0.46511627906976744,-0.475,-0.475,-0.4823284823284822,-0.4838709677419355,0.2886751345948128,0.6339745962155615,0.0,-0.17857142857142858,-0.4455500276395806
0.0,-0.8,-1.0,-0.2,-0.4186046511627907,-0.475,-0.475,-0.4656964656964652,-0.4838709677419355,0.49999999999999994,0.3660254037844388,0.0,-0.14285714285714285,-0.4433388612493091
0.0,-0.6,-1.0,-0.2,-0.4186046511627907,-0.425,-0.475,-0.4490644490644492,-0.4838709677419355,0.5773502691896257,1.793007356604921e-16,0.0,-0.10714285714285714,-0.4411276948590386
0.0,-0.4,0.0,-0.2,-0.37209302325581395,-0.425,-0.425,-0.4158004158004153,-0.4838709677419355,0.5,-0.3660254037844383,0.0,-0.07142857142857142,-0.43449419568822595
0.0,-0.2,0.0,-0.2,-0.37209302325581395,-0.375,-0.425,-0.3991683991683993,-0.4838709677419355,0.2886751345948128,-0.6339745962155612,1.0,-0.03571428571428571,-0.4278606965174134
0.0,0.0,0.0,-0.2,-0.37209302325581395,-0.375,-0.375,-0.38253638253638234,-0.4838709677419355,0.0,-0.7320508075688771,0.0,0.0,-0.42122719734660075
0.0,0.2,1.0,-0.2,-0.37209302325581395,-0.375,-0.375,-0.38253638253638234,-0.4838709677419355,-0.2886751345948128,-0.6339745962155612,0.0,0.03571428571428571,-0.4145936981757881
0.0,0.4,1.0,-0.2,-0.37209302325581395,-0.375,-0.375,-0.38253638253638234,-0.5161290322580645,-0.5,-0.36602540378443876,0.0,0.07142857142857142,-0.40796019900497554
0.0,0.6,1.0,-0.2,-0.37209302325581395,-0.375,-0.375,-0.38253638253638234,-0.5161290322580645,-0.577350269189626,0.0,0.0,0.10714285714285714,-0.39911553344389233
0.0,0.8,2.0,-0.2,-0.3488372093023256,-0.375,-0.375,-0.37422037422037435,-0.5161290322580645,-0.5000000000000001,0.3660254037844388,0.0,0.14285714285714285,-0.3880597014925377
0.0,1.0,2.0,-0.2,-0.32558139534883723,-0.35,-0.375,-0.3575883575883574,-0.5161290322580645,-0.2886751345948132,0.6339745962155612,0.0,0.17857142857142858,-0.37479270315091245
0.0,1.2,2.0,-0.2,-0.32558139534883723,-0.325,-0.35,-0.3409563409563405,-0.5161290322580645,-2.1211504774498138e-16,0.7320508075688774,0.0,0.21428571428571427,-0.36152570480928725
0.5,-1.0,-1.0,-0.2,-0.2558139534883721,-0.325,-0.325,-0.3076923076923075,-0.45161290322580644,0.2886751345948128,0.6339745962155615,0.0,0.25,-0.3416252072968494
0.5,-0.8,-1.0,-0.2,-0.16279069767441862,-0.25,-0.325,-0.24948024948024955,-0.45161290322580644,0.49999999999999994,0.3660254037844388,0.0,0.2857142857142857,-0.31730237700386954
0.5,-0.6,-1.0,-0.2,0.0,-0.15,-0.25,-0.13305613305613279,-0.3870967741935484,0.5773502691896257,1.793007356604921e-16,0.0,0.32142857142857145,-0.2775013819789939
0.5,-0.4,0.0,-0.2,0.16279069767441862,0.025,-0.15,0.016632016632016938,-0.3870967741935484,0.5,-0.3660254037844383,1.0,0.35714285714285715,-0.2266445550027645
0.5,-0.2,0.0,-0.2,0.13953488372093023,0.2,0.025,0.12474012474012477,-0.3870967741935484,0.2886751345948128,-0.6339745962155612,0.0,0.39285714285714285,-0.17799889441680472
0.5,0.0,0.0,-0.2,0.20930232558139536,0.175,0.2,0.19958419958419965,-0.3870967741935484,0.0,-0.7320508075688771,0.0,0.42857142857142855,-0.12271973466003329
0.5,0.2,1.0,-0.2,0.11627906976744186,0.25,0.175,0.1829521829521836,-0.3870967741935484,-0.2886751345948128,-0.6339745962155612,0.0,0.4642857142857143,-0.07628524046434501
0.5,0.4,1.0,-0.2,0.13953488372093023,0.15,0.25,0.1829521829521836,-0.3870967741935484,-0.5,-0.36602540378443876,0.0,0.5,-0.027639579878386198
0.5,0.6,1.0,-0.2,0.11627906976744186,0.175,0.15,0.14968814968814972,-0.3548387096774194,-0.577350269189626,0.0,0.0,0.5357142857142857,0.018794914317302073
0.5,0.8,2.0,-0.2,0.4418604651162791,0.15,0.175,0.2661122661122665,-0.3225806451612903,-0.5000000000000001,0.3660254037844388,0.0,0.5714285714285714,0.0939745715865123
0.5,1.0,2.0,-0.2,0.813953488372093,0.5,0.15,0.5072765072765081,-0.3225806451612903,-0.2886751345948132,0.6339745962155612,0.0,0.6071428571428571,0.2023217247097846
0.5,1.2,2.0,-0.2,0.8372093023255814,0.9,0.5,0.7650727650727656,-0.22580645161290322,-2.1211504774498138e-16,0.7320508075688774,0.0,0.6428571428571429,0.31288004422332844
1.0,-1.0,-1.0,-0.2,0.8372093023255814,0.925,0.9,0.9064449064449073,-0.0967741935483871,0.2886751345948128,0.6339745962155615,0.0,0.6785714285714286,0.4168048645660587
1.0,-0.8,-1.0,-0.2,0.8837209302325582,0.925,0.925,0.9313929313929323,0.12903225806451613,0.49999999999999994,0.3660254037844388,0.0,0.7142857142857143,0.5163073521282479
1.0,-0.6,-1.0,-0.2,1.2093023255813953,0.975,0.925,1.0644490644490652,0.3548387096774194,0.5773502691896257,1.793007356604921e-16,0.0,0.75,0.6312880044223337
1.0,-0.4,0.0,-0.2,1.744186046511628,1.325,0.975,1.3887733887733895,0.3225806451612903,0.5,-0.3660254037844383,1.0,0.7857142857142857,0.7816473189607522
1.0,-0.2,0.0,-0.2,1.627906976744186,1.9,1.325,1.654885654885656,0.41935483870967744,0.2886751345948128,-0.6339745962155612,0.0,0.8214285714285714,0.9231619679380886
1.0,0.0,0.0,-0.2,1.255813953488372,1.775,1.9,1.671517671517672,0.2903225806451613,0.0,-0.7320508075688771,0.0,0.8571428571428571,1.0226644555002777
1.0,0.2,1.0,-0.2,1.1395348837209303,1.375,1.775,1.4553014553014563,0.3225806451612903,-0.2886751345948128,-0.6339745962155612,0.0,0.8928571428571429,1.1199557766721953
1.0,0.4,1.0,-0.2,1.1627906976744187,1.25,1.375,1.2889812889812897,0.2903225806451613,-0.5,-0.36602540378443876,0.0,0.9285714285714286,1.217247097844114
1.0,0.6,1.0,-0.2,1.1627906976744187,1.275,1.25,1.2557172557172567,0.7419354838709677,-0.577350269189626,0.0,0.0,0.9642857142857143,1.3167495854063032
1.0,0.8,2.0,-0.2,1.1627906976744187,1.275,1.275,1.2640332640332648,1.2580645161290323,-0.5000000000000001,0.3660254037844388,0.0,1.0,1.3852957435046998
-1.0,-1.0,-1.0,0.0,-0.3023255813953488,-0.325,-0.325,-0.3243243243243244,-0.6129032258064516,0.2886751345948128,0.6339745962155615,0.0,-1.0357142857142858,-0.29519071310116113
-1.0,-0.8,-1.0,0.0,-0.3023255813953488,-0.3,-0.325,-0.3160083160083155,-0.0967741935483871,0.49999999999999994,0.3660254037844388,0.0,-1.0,-0.2730790491984528
-1.0,-0.6,-1.0,0.0,-0.09302325581395349,-0.3,-0.3,-0.2328482328482326,-0.16129032258064516,0.5773502691896257,1.793007356604921e-16,0.0,-0.9642857142857143,-0.26644555002764014
-1.0,-0.4,0.0,0.0,-0.09302325581395349,-0.075,-0.3,-0.15800415800415776,-0.2903225806451613,0.5,-0.3660254037844383,0.0,-0.9285714285714286,-0.25538971807628547
-1.0,-0.2,0.0,0.0,-0.023255813953488372,-0.075,-0.075,-0.058212058212057924,-0.2903225806451613,0.2886751345948128,-0.6339745962155612,1.0,-0.8928571428571429,-0.22885572139303503
-1.0,0.0,0.0,0.0,-0.023255813953488372,0.0,-0.075,-0.033264033264032974,-0.3548387096774194,0.0,-0.7320508075688771,0.0,-0.8571428571428571,-0.2023217247097846
-1.0,0.2,1.0,0.0,-0.023255813953488372,0.0,0.0,-0.008316008316008016,-0.3548387096774194,-0.2886751345948128,-0.6339745962155612,0.0,-0.8214285714285714,-0.1713653952459921
-1.0,0.4,1.0,0.0,-0.023255813953488372,0.0,0.0,-0.008316008316008016,-0.3548387096774194,-0.5,-0.36602540378443876,0.0,-0.7857142857142857,-0.14040906578220058
-1.0,0.6,1.0,0.0,-0.023255813953488372,0.0,0.0,-0.008316008316008016,-0.3225806451612903,-0.577350269189626,0.0,0.0,-0.75,-0.10945273631840807
-1.0,0.8,2.0,0.0,-0.023255813953488372,0.0,0.0,-0.008316008316008016,-0.3225806451612903,-0.5000000000000001,0.3660254037844388,0.0,-0.7142857142857143,-0.08070757324488707
-1.0,1.0,2.0,0.0,-0.023255813953488372,0.0,0.0,-0.008316008316008016,-0.3225806451612903,-0.2886751345948132,0.6339745962155612,0.0,-0.6785714285714286,-0.051962410171365124
-1.0,1.2,2.0,0.0,-0.046511627906976744,0.0,0.0,-0.016632016632016033,-0.2903225806451613,-2.1211504774498138e-16,0.7320508075688774,0.0,-0.6428571428571429,-0.025428413488114684
-0.5,-1.0,-1.0,0.0,-0.046511627906976744,-0.025,0.0,-0.024948024948024956,-0.2903225806451613,0.2886751345948128,0.6339745962155615,0.0,-0.6071428571428571,-0.0011055831951357568
-0.5,-0.8,-1.0,0.0,-0.046511627906976744,-0.025,-0.025,-0.033264033264032974,0.0,0.49999999999999994,0.3660254037844388,0.0,-0.5714285714285714,0.023217247097844135
-0.5,-0.6,-1.0,0.0,-0.06976744186046512,-0.025,-0.025,-0.041580041580040986,0.0,0.5773502691896257,1.793007356604921e-16,0.0,-0.5357142857142857,0.025428413488114684
-0.5,-0.4,0.0,0.0,-0.06976744186046512,-0.05,-0.025,-0.04989604989604991,0.0967741935483871,0.5,-0.3660254037844383,0.0,-0.5,0.027639579878386198
-0.5,-0.2,0.0,0.0,-0.06976744186046512,-0.05,-0.05,-0.058212058212057924,0.0967741935483871,0.2886751345948128,-0.6339745962155612,1.0,-0.4642857142857143,0.023217247097844135
-0.5,0.0,0.0,0.0,-0.09302325581395349,-0.05,-0.05,-0.06652806652806595,0.0967741935483871,0.0,-0.7320508075688771,0.0,-0.42857142857142855,0.016583747927031524
-0.5,0.2,1.0,0.0,-0.09302325581395349,-0.075,-0.05,-0.07484407484407486,0.0967741935483871,-0.2886751345948128,-0.6339745962155612,0.0,-0.39285714285714285,0.009950248756218916
-0.5,0.4,1.0,0.0,-0.09302325581395349,-0.075,-0.075,-0.08316008316008289,0.0967741935483871,-0.5,-0.36602540378443876,0.0,-0.35714285714285715,0.003316749585406305
-0.5,0.6,1.0,0.0,-0.11627906976744186,-0.075,-0.075,-0.0914760914760909,0.0967741935483871,-0.577350269189626,0.0,0.0,-0.32142857142857145,-0.005527915975676853
-0.5,0.8,2.0,0.0,-0.13953488372093023,-0.1,-0.075,-0.10810810810810784,0.0967741935483871,-0.5000000000000001,0.3660254037844388,0.0,-0.2857142857142857,-0.016583747927031524
-0.5,1.0,2.0,0.0,-0.13953488372093023,-0.125,-0.1,-0.12474012474012477,0.06451612903225806,-0.2886751345948132,0.6339745962155612,0.0,-0.25,-0.027639579878386198
-0.5,1.2,2.0,0.0,-0.11627906976744186,-0.125,-0.125,-0.12474012474012477,0.06451612903225806,-2.1211504774498138e-16,0.7320508075688774,0.0,-0.21428571428571427,-0.03427307904919881
0.0,-1.0,-1.0,0.0,-0.09302325581395349,-0.1,-0.125,-0.10810810810810784,0.06451612903225806,0.2886751345948128,0.6339745962155615,0.0,-0.17857142857142858,-0.0386954118297399
0.0,-0.8,-1.0,0.0,0.0,-0.075,-0.1,-0.058212058212057924,0.03225806451612903,0.49999999999999994,0.3660254037844388,0.0,-0.14285714285714285,-0.03427307904919881
0.0,-0.6,-1.0,0.0,0.0,0.025,-0.075,-0.016632016632016033,0.03225806451612903,0.5773502691896257,1.793007356604921e-16,0.0,-0.10714285714285714,-0.027639579878386198
0.0,-0.4,0.0,0.0,0.0,0.025,0.025,0.016632016632016938,0.03225806451612903,0.5,-0.3660254037844383,0.0,-0.07142857142857142,-0.021006080707573586
0.0,-0.2,0.0,0.0,-0.023255813953488372,0.025,0.025,0.008316008316008924,0.0,0.2886751345948128,-0.6339745962155612,1.0,-0.03571428571428571,-0.016583747927031524
0.0,0.0,0.0,0.0,-0.023255813953488372,0.0,0.025,0.0,0.0,0.0,-0.7320508075688771,0.0,0.0,-0.009950248756218916
0.0,0.2,1.0,0.0,-0.023255813953488372,0.0,0.0,-0.008316008316008016,0.0,-0.2886751345948128,-0.6339745962155612,0.0,0.03571428571428571,-0.003316749585406305
0.0,0.4,1.0,0.0,-0.046511627906976744,0.0,0.0,-0.016632016632016033,-0.03225806451612903,-0.5,-0.36602540378443876,0.0,0.07142857142857142,0.0011055831951357568
0.0,0.6,1.0,0.0,-0.023255813953488372,-0.025,0.0,-0.016632016632016033,-0.06451612903225806,-0.577350269189626,0.0,0.0,0.10714285714285714,0.009950248756218916
0.0,0.8,2.0,0.0,0.06976744186046512,0.0,-0.025,0.016632016632016938,-0.06451612903225806,-0.5000000000000001,0.3660254037844388,0.0,0.14285714285714285,0.029850746268656744
0.0,1.0,2.0,0.0,0.11627906976744186,0.1,0.0,0.07484407484407486,-0.03225806451612903,-0.2886751345948132,0.6339745962155612,0.0,0.17857142857142858,0.054173576561636634
0.0,1.2,2.0,0.0,0.11627906976744186,0.15,0.1,0.12474012474012477,0.0,-2.1211504774498138e-16,0.7320508075688774,0.0,0.21428571428571427,0.07628524046434501
0.5,-1.0,-1.0,0.0,0.23255813953488372,0.15,0.15,0.1829521829521836,0.12903225806451613,0.2886751345948128,0.6339745962155615,0.0,0.25,0.10724156992813752
0.5,-0.8,-1.0,0.0,0.3488372093023256,0.275,0.15,0.2661122661122665,0.12903225806451613,0.49999999999999994,0.3660254037844388,0.0,0.2857142857142857,0.14040906578220058
0.5,-0.6,-1.0,0.0,0.46511627906976744,0.4,0.275,0.39085239085239126,0.12903225806451613,0.5773502691896257,1.793007356604921e-16,0.0,0.32142857142857145,0.18463239358761732
0.5,-0.4,0.0,0.0,0.6046511627906976,0.525,0.4,0.523908523908524,0.0967741935483871,0.5,-0.3660254037844383,1.0,0.35714285714285715,0.24212271973466026
0.5,-0.2,0.0,0.0,0.5813953488372093,0.675,0.525,0.6070686070686079,0.0967741935483871,0.2886751345948128,-0.6339745962155612,0.0,0.39285714285714285,0.29961304588170323
0.5,0.0,0.0,0.0,0.06976744186046512,0.65,0.675,0.46569646569646617,0.0967741935483871,0.0,-0.7320508075688771,0.0,0.42857142857142855,0.3084577114427864
0.5,0.2,1.0,0.0,0.5581395348837209,0.1,0.65,0.4490644490644492,0.06451612903225806,-0.2886751345948128,-0.6339745962155612,0.0,0.4642857142857143,0.3637368711995578
0.5,0.4,1.0,0.0,0.5581395348837209,0.625,0.1,0.44074844074844116,0.0967741935483871,-0.5,-0.36602540378443876,0.0,0.5,0.42122719734660075
0.5,0.6,1.0,0.0,0.5348837209302325,0.625,0.625,0.6070686070686079,0.22580645161290322,-0.577350269189626,0.0,0.0,0.5357142857142857,0.4742951907131016
0.5,0.8,2.0,0.0,0.8372093023255814,0.6,0.625,0.7068607068607077,0.2903225806451613,-0.5000000000000001,0.3660254037844388,0.0,0.5714285714285714,0.5472636815920403
0.5,1.0,2.0,0.0,0.9767441860465116,0.925,0.6,0.8565488565488574,0.2903225806451613,-0.2886751345948132,0.6339745962155612,0.0,0.6071428571428571,0.6290768380320622
0.5,1.2,2.0,0.0,1.0232558139534884,1.075,0.925,1.0311850311850321,0.45161290322580644,-2.1211504774498138e-16,0.7320508075688774,0.0,0.6428571428571429,0.7153123272526262
1.0,-1.0,-1.0,0.0,1.0465116279069768,1.125,1.075,1.106029106029107,0.6129032258064516,0.2886751345948128,0.6339745962155615,0.0,0.6785714285714286,0.7927031509121069
1.0,-0.8,-1.0,0.0,0.6511627906976745,1.15,1.125,0.9896049896049902,0.7741935483870968,0.49999999999999994,0.3660254037844388,0.0,0.7142857142857143,0.8214483139856279
1.0,-0.6,-1.0,0.0,1.2325581395348837,0.725,1.15,1.0644490644490652,0.967741935483871,0.5773502691896257,1.793007356604921e-16,0.0,0.75,0.8944168048645667
1.0,-0.4,0.0,0.0,1.6046511627906976,1.35,0.725,1.2640332640332648,0.9354838709677419,0.5,-0.3660254037844383,1.0,0.7857142857142857,0.9894969596462146
1.0,-0.2,0.0,0.0,1.4651162790697674,1.75,1.35,1.555093555093556,0.22580645161290322,0.2886751345948128,-0.6339745962155612,0.0,0.8214285714285714,1.073521282476507
1.0,0.0,0.0,0.0,1.1627906976744187,1.6,1.75,1.5301455301455311,0.9032258064516129,0.0,-0.7320508075688771,0.0,0.8571428571428571,1.1774461028192382
1.0,0.2,1.0,0.0,1.1395348837209303,1.275,1.6,1.3638253638253646,0.9032258064516129,-0.2886751345948128,-0.6339745962155612,0.0,0.8928571428571429,1.2327252625760097
1.0,0.4,1.0,0.0,1.186046511627907,1.25,1.275,1.2640332640332648,0.8709677419354839,-0.5,-0.36602540378443876,0.0,0.9285714285714286,1.2924267551133233
1.0,0.6,1.0,0.0,1.2093023255813953,1.3,1.25,1.2806652806652816,1.2903225806451613,-0.577350269189626,0.0,0.0,0.9642857142857143,1.3565505804311788
1.0,0.8,2.0,0.0,1.2325581395348837,1.325,1.3,1.3139293139293147,1.4838709677419355,-0.5000000000000001,0.3660254037844388,0.0,1.0,1.3941404090657838
-1.0,-0.8,-1.0,0.2,-0.8837209302325582,-0.925,-0.95,-0.9397089397089394,-0.8709677419354839,0.49999999999999994,0.3660254037844388,0.0,-1.0,-0.9806522940851305
-1.0,-0.6,-1.0,0.2,-0.7674418604651163,-0.925,-0.925,-0.8898128898128895,-0.8387096774193549,0.5773502691896257,1.793007356604921e-16,0.0,-0.9642857142857143,-0.9850746268656726
-1.0,-0.4,0.0,0.2,-0.7674418604651163,-0.8,-0.925,-0.8482328482328485,-0.967741935483871,0.5,-0.3660254037844383,0.0,-0.9285714285714286,-0.9917081260364852
-1.0,-0.2,0.0,0.2,-0.7906976744186046,-0.8,-0.8,-0.8149688149688146,-1.8387096774193548,0.2886751345948128,-0.6339745962155612,1.0,-0.8928571428571429,-0.9917081260364852
-1.0,0.0,0.0,0.2,-0.7906976744186046,-0.825,-0.8,-0.8232848232848236,-1.1935483870967742,0.0,-0.7320508075688771,0.0,-0.8571428571428571,-0.9320066334991717
-1.0,0.2,1.0,0.2,-0.32558139534883723,-0.825,-0.825,-0.6652806652806649,-1.2258064516129032,-0.2886751345948128,-0.6339745962155612,0.0,-0.8214285714285714,-0.8723051409618582
-1.0,0.4,1.0,0.2,-0.7906976744186046,-0.325,-0.825,-0.6652806652806649,-1.2258064516129032,-0.5,-0.36602540378443876,0.0,-0.7857142857142857,-0.854615809839691
-1.0,0.6,1.0,0.2,-0.8604651162790697,-0.825,-0.325,-0.6902286902286898,-1.1612903225806452,-0.577350269189626,0.0,0.0,-0.75,-0.8435599778883373
-1.0,0.8,2.0,0.2,-0.9069767441860465,-0.9,-0.825,-0.8981288981288984,-1.1290322580645162,-0.5000000000000001,0.3660254037844388,0.0,-0.7142857142857143,-0.8413488114980657
-1.0,1.0,2.0,0.2,-0.9069767441860465,-0.95,-0.9,-0.9397089397089394,-1.1290322580645162,-0.2886751345948132,0.6339745962155612,0.0,-0.6785714285714286,-0.8413488114980657
-1.0,1.2,2.0,0.2,-0.8837209302325582,-0.95,-0.95,-0.9480249480249483,-1.096774193548387,-2.1211504774498138e-16,0.7320508075688774,0.0,-0.6428571428571429,-0.8391376451077952
-0.5,-1.0,-1.0,0.2,-0.9069767441860465,-0.925,-0.95,-0.9480249480249483,-1.096774193548387,0.2886751345948128,0.6339745962155615,0.0,-0.6071428571428571,-0.8413488114980657
-0.5,-0.8,-1.0,0.2,-0.9069767441860465,-0.95,-0.925,-0.9480249480249483,-0.9354838709677419,0.49999999999999994,0.3660254037844388,0.0,-0.5714285714285714,-0.8435599778883373
-0.5,-0.6,-1.0,0.2,-0.8604651162790697,-0.95,-0.95,-0.9397089397089394,-0.9354838709677419,0.5773502691896257,1.793007356604921e-16,0.0,-0.5357142857142857,-0.8524046434494204
-0.5,-0.4,0.0,0.2,-0.8604651162790697,-0.9,-0.95,-0.9230769230769234,-0.967741935483871,0.5,-0.3660254037844383,0.0,-0.5,-0.8612493090105036
-0.5,-0.2,0.0,0.2,-0.9069767441860465,-0.9,-0.9,-0.9230769230769234,-0.967741935483871,0.2886751345948128,-0.6339745962155612,1.0,-0.4642857142857143,-0.8723051409618582
-0.5,0.0,0.0,0.2,-0.9302325581395349,-0.95,-0.9,-0.9480249480249483,-0.3225806451612903,0.0,-0.7320508075688771,0.0,-0.42857142857142855,-0.8855721393034834
-0.5,0.2,1.0,0.2,-0.9302325581395349,-0.975,-0.95,-0.9729729729729732,-0.967741935483871,-0.2886751345948128,-0.6339745962155612,0.0,-0.39285714285714285,-0.9430624654505264
-0.5,0.4,1.0,0.2,-0.9534883720930233,-0.975,-0.975,-0.9896049896049893,-1.064516129032258,-0.5,-0.36602540378443876,0.0,-0.35714285714285715,-0.9585406301824222
-0.5,0.6,1.0,0.2,-1.0,-1.0,-0.975,-1.0145530145530142,-1.1290322580645162,-0.577350269189626,0.0,0.0,-0.32142857142857145,-0.9718076285240473
-0.5,0.8,2.0,0.2,-1.0,-1.05,-1.0,-1.0395010395010391,-1.1290322580645162,-0.5000000000000001,0.3660254037844388,0.0,-0.2857142857142857,-0.9806522940851305
-0.5,1.0,2.0,0.2,-0.9767441860465116,-1.05,-1.05,-1.047817047817048,-1.096774193548387,-0.2886751345948132,0.6339745962155612,0.0,-0.25,-0.9872857932559431
-0.5,1.2,2.0,0.2,-1.0,-1.025,-1.05,-1.047817047817048,-1.1290322580645162,-2.1211504774498138e-16,0.7320508075688774,0.0,-0.21428571428571427,-0.9983416252072979
0.0,-1.0,-1.0,0.2,-0.9767441860465116,-1.05,-1.025,-1.0395010395010391,-1.1290322580645162,0.2886751345948128,0.6339745962155615,0.0,-0.17857142857142858,-1.0049751243781104
0.0,-0.8,-1.0,0.2,-0.8604651162790697,-1.025,-1.05,-0.9979209979209982,-1.064516129032258,0.49999999999999994,0.3660254037844388,0.0,-0.14285714285714285,-1.0005527915975683
0.0,-0.6,-1.0,0.2,-0.8604651162790697,-0.9,-1.025,-0.9480249480249483,-1.064516129032258,0.5773502691896257,1.793007356604921e-16,0.0,-0.10714285714285714,-1.0005527915975683
0.0,-0.4,0.0,0.2,-0.8604651162790697,-0.9,-0.9,-0.9064449064449064,-1.1290322580645162,0.5,-0.3660254037844383,0.0,-0.07142857142857142,-1.0005527915975683
0.0,-0.2,0.0,0.2,-0.8372093023255814,-0.9,-0.9,-0.8981288981288984,-1.1612903225806452,0.2886751345948128,-0.6339745962155612,1.0,-0.03571428571428571,-0.9939192924267557
0.0,0.0,0.0,0.2,-0.8372093023255814,-0.875,-0.9,-0.8898128898128895,-1.1612903225806452,0.0,-0.7320508075688771,0.0,0.0,-0.9850746268656726
0.0,0.2,1.0,0.2,-0.8372093023255814,-0.875,-0.875,-0.8814968814968814,-1.1935483870967742,-0.2886751345948128,-0.6339745962155612,0.0,0.03571428571428571,-0.9762299613045894
0.0,0.4,1.0,0.2,-0.8837209302325582,-0.875,-0.875,-0.8981288981288984,-1.2580645161290323,-0.5,-0.36602540378443876,0.0,0.07142857142857142,-0.9695964621337768
0.0,0.6,1.0,0.2,-0.813953488372093,-0.925,-0.875,-0.8898128898128895,-1.2580645161290323,-0.577350269189626,0.0,0.0,0.10714285714285714,-0.9519071310116095
0.0,0.8,2.0,0.2,-0.7441860465116279,-0.85,-0.925,-0.8565488565488565,-1.2258064516129032,-0.5000000000000001,0.3660254037844388,0.0,0.14285714285714285,-0.9275843007186296
0.0,1.0,2.0,0.2,-0.5813953488372093,-0.775,-0.85,-0.7484407484407487,-1.2580645161290323,-0.2886751345948132,0.6339745962155612,0.0,0.17857142857142858,-0.8899944720840255
0.0,1.2,2.0,0.2,-0.5116279069767442,-0.6,-0.775,-0.6403326403326399,-1.2258064516129032,-2.1211504774498138e-16,0.7320508075688774,0.0,0.21428571428571427,-0.8435599778883373
0.5,-1.0,-1.0,0.2,-0.4418604651162791,-0.525,-0.6,-0.532224532224532,-1.064516129032258,0.2886751345948128,0.6339745962155615,0.0,0.25,-0.7927031509121069
0.5,-0.8,-1.0,0.2,-0.2558139534883721,-0.45,-0.525,-0.4158004158004153,-1.064516129032258,0.49999999999999994,0.3660254037844388,0.0,0.2857142857142857,-0.735212824765064
0.5,-0.6,-1.0,0.2,-0.06976744186046512,-0.25,-0.45,-0.2577962577962576,-1.064516129032258,0.5773502691896257,1.793007356604921e-16,0.0,0.32142857142857145,-0.6600331674958547
0.5,-0.4,0.0,0.2,-0.09302325581395349,-0.05,-0.25,-0.13305613305613279,-1.032258064516129,0.5,-0.3660254037844383,1.0,0.35714285714285715,-0.587064676616916
0.5,-0.2,0.0,0.2,-0.09302325581395349,-0.075,-0.05,-0.07484407484407486,-1.032258064516129,0.2886751345948128,-0.6339745962155612,0.0,0.39285714285714285,-0.5163073521282479
0.5,0.0,0.0,0.2,-0.18604651162790697,-0.075,-0.075,-0.11642411642411585,-1.032258064516129,0.0,-0.7320508075688771,0.0,0.42857142857142855,-0.4543946932006638
0.5,0.2,1.0,0.2,-0.06976744186046512,-0.175,-0.075,-0.10810810810810784,-1.096774193548387,-0.2886751345948128,-0.6339745962155612,0.0,0.4642857142857143,-0.3814262023217251
0.5,0.4,1.0,0.2,-0.09302325581395349,-0.05,-0.175,-0.10810810810810784,-1.0,-0.5,-0.36602540378443876,0.0,0.5,-0.3062465450525158
0.5,0.6,1.0,0.2,-0.06976744186046512,-0.075,-0.05,-0.06652806652806595,-0.9032258064516129,-0.577350269189626,0.0,0.0,0.5357142857142857,-0.23548922056384766
0.5,0.8,2.0,0.2,0.20930232558139536,-0.05,-0.075,0.033264033264033877,-0.6774193548387096,-0.5000000000000001,0.3660254037844388,0.0,0.5714285714285714,-0.14483139856274166
0.5,1.0,2.0,0.2,0.5116279069767442,0.25,-0.05,0.24948024948024955,-0.5806451612903226,-0.2886751345948132,0.6339745962155612,0.0,0.6071428571428571,-0.04090657822001142
0.5,1.2,2.0,0.2,0.5813953488372093,0.575,0.25,0.4823284823284831,-0.4838709677419355,-2.1211504774498138e-16,0.7320508075688774,0.0,0.6428571428571429,0.0630182421227198
1.0,-1.0,-1.0,0.2,0.627906976744186,0.65,0.575,0.6320166320166328,-0.22580645161290322,0.2886751345948128,0.6339745962155615,0.0,0.6785714285714286,0.1647318960751795
1.0,-0.8,-1.0,0.2,0.627906976744186,0.7,0.65,0.6735966735966737,0.03225806451612903,0.49999999999999994,0.3660254037844388,0.0,0.7142857142857143,0.24875621890547286
1.0,-0.6,-1.0,0.2,0.9302325581395349,0.7,0.7,0.7983367983367986,0.0,0.5773502691896257,1.793007356604921e-16,0.0,0.75,0.34383637368711994
1.0,-0.4,0.0,0.2,1.302325581395349,1.025,0.7,1.0395010395010402,0.0,0.5,-0.3660254037844383,1.0,0.7857142857142857,0.4765063571033722
1.0,-0.2,0.0,0.2,1.1395348837209303,1.425,1.025,1.2224532224532227,-0.12903225806451613,0.2886751345948128,-0.6339745962155612,0.0,0.8214285714285714,0.5936981757877287
1.0,0.0,0.0,0.2,0.8372093023255814,1.25,1.425,1.18918918918919,0.03225806451612903,0.0,-0.7320508075688771,0.0,0.8571428571428571,0.6909894969596472
1.0,0.2,1.0,0.2,0.6976744186046512,0.925,1.25,0.9729729729729732,0.0,-0.2886751345948128,-0.6339745962155612,0.0,0.8928571428571429,0.7639579878385859
1.0,0.4,1.0,0.2,0.813953488372093,0.775,0.925,0.8565488565488574,0.03225806451612903,-0.5,-0.36602540378443876,0.0,0.9285714285714286,0.8501934770591498
1.0,0.6,1.0,0.2,0.8372093023255814,0.9,0.775,0.8565488565488574,0.41935483870967744,-0.577350269189626,0.0,0.0,0.9642857142857143,0.9364289662797137
1.0,0.8,2.0,0.2,0.7906976744186046,0.925,0.9,0.8898128898128904,0.8387096774193549,-0.5000000000000001,0.3660254037844388,0.0,1.0,0.9917081260364852
-1.0,-0.8,-1.0,0.4,0.3488372093023256,0.4,0.4,0.39085239085239126,0.6451612903225806,0.49999999999999994,0.3660254037844388,0.0,-1.0,0.46323935876174693
-1.0,-0.6,-1.0,0.4,0.46511627906976744,0.4,0.4,0.4324324324324332,0.6129032258064516,0.5773502691896257,1.793007356604921e-16,0.0,-0.9642857142857143,0.4720840243228311
-1.0,-0.4,0.0,0.4,0.4883720930232558,0.525,0.4,0.4823284823284831,0.5806451612903226,0.5,-0.3660254037844383,0.0,-0.9285714285714286,0.4853510226644563
-1.0,-0.2,0.0,0.4,0.5581395348837209,0.55,0.525,0.557172557172558,0.5806451612903226,0.2886751345948128,-0.6339745962155612,1.0,-0.8928571428571429,0.5074626865671646
-1.0,0.0,0.0,0.4,0.5581395348837209,0.625,0.55,0.5904365904365909,0.6129032258064516,0.0,-0.7320508075688771,0.0,-0.8571428571428571,0.529574350469873
-1.0,0.2,1.0,0.4,0.5581395348837209,0.625,0.625,0.6153846153846159,0.6129032258064516,-0.2886751345948128,-0.6339745962155612,0.0,-0.8214285714285714,0.5494748479823108
-1.0,0.4,1.0,0.4,0.5581395348837209,0.625,0.625,0.6153846153846159,0.5806451612903226,-0.5,-0.36602540378443876,0.0,-0.7857142857142857,0.5693753454947487
-1.0,0.6,1.0,0.4,0.5581395348837209,0.625,0.625,0.6153846153846159,0.6129032258064516,-0.577350269189626,0.0,0.0,-0.75,0.591487009397458
-1.0,0.8,2.0,0.4,0.5581395348837209,0.625,0.625,0.6153846153846159,0.6129032258064516,-0.5000000000000001,0.3660254037844388,0.0,-0.7142857142857143,0.6113875069098959
-1.0,1.0,2.0,0.4,0.5581395348837209,0.625,0.625,0.6153846153846159,0.6129032258064516,-0.2886751345948132,0.6339745962155612,0.0,-0.6785714285714286,0.6312880044223337
-1.0,1.2,2.0,0.4,0.5348837209302325,0.625,0.625,0.6070686070686079,0.6129032258064516,-2.1211504774498138e-16,0.7320508075688774,0.0,-0.6428571428571429,0.6489773355445
-0.5,-1.0,-1.0,0.4,0.5348837209302325,0.6,0.625,0.5987525987525989,0.6129032258064516,0.2886751345948128,0.6339745962155615,0.0,-0.6071428571428571,0.6666666666666673
-0.5,-0.8,-1.0,0.4,0.5348837209302325,0.6,0.6,0.5904365904365909,0.7741935483870968,0.49999999999999994,0.3660254037844388,0.0,-0.5714285714285714,0.6843559977888346
-0.5,-0.6,-1.0,0.4,0.4883720930232558,0.6,0.6,0.573804573804574,0.8064516129032258,0.5773502691896257,1.793007356604921e-16,0.0,-0.5357142857142857,0.6865671641791051
-0.5,-0.4,0.0,0.4,0.5348837209302325,0.55,0.6,0.573804573804574,0.9032258064516129,0.5,-0.3660254037844383,0.0,-0.5,0.6909894969596472
-0.5,-0.2,0.0,0.4,0.5348837209302325,0.6,0.55,0.573804573804574,0.9032258064516129,0.2886751345948128,-0.6339745962155612,1.0,-0.4642857142857143,0.6887783305693757
-0.5,0.0,0.0,0.4,0.5581395348837209,0.6,0.6,0.5987525987525989,0.9032258064516129,0.0,-0.7320508075688771,0.0,-0.42857142857142855,0.6887783305693757
-0.5,0.2,1.0,0.4,0.5581395348837209,0.625,0.6,0.6070686070686079,0.9032258064516129,-0.2886751345948128,-0.6339745962155612,0.0,-0.39285714285714285,0.6887783305693757
-0.5,0.4,1.0,0.4,0.5581395348837209,0.625,0.625,0.6153846153846159,0.9032258064516129,-0.5,-0.36602540378443876,0.0,-0.35714285714285715,0.6887783305693757
-0.5,0.6,1.0,0.4,0.5348837209302325,0.625,0.625,0.6070686070686079,0.9032258064516129,-0.577350269189626,0.0,0.0,-0.32142857142857145,0.6865671641791051
-0.5,0.8,2.0,0.4,0.5348837209302325,0.6,0.625,0.5987525987525989,0.9032258064516129,-0.5000000000000001,0.3660254037844388,0.0,-0.2857142857142857,0.6843559977888346
-0.5,1.0,2.0,0.4,0.5116279069767442,0.6,0.6,0.5821205821205829,0.8709677419354839,-0.2886751345948132,0.6339745962155612,0.0,-0.25,0.6799336650082926
-0.5,1.2,2.0,0.4,0.5813953488372093,0.575,0.6,0.5987525987525989,0.8709677419354839,-2.1211504774498138e-16,0.7320508075688774,0.0,-0.21428571428571427,0.6843559977888346
0.0,-1.0,-1.0,0.4,0.5581395348837209,0.65,0.575,0.6070686070686079,0.8709677419354839,0.2886751345948128,0.6339745962155615,0.0,-0.17857142857142858,0.6865671641791051
0.0,-0.8,-1.0,0.4,0.6046511627906976,0.625,0.65,0.6403326403326408,0.8064516129032258,0.49999999999999994,0.3660254037844388,0.0,-0.14285714285714285,0.6932006633499177
0.0,-0.6,-1.0,0.4,0.6046511627906976,0.675,0.625,0.6486486486486488,0.8709677419354839,0.5773502691896257,1.793007356604921e-16,0.0,-0.10714285714285714,0.7042564953012724
0.0,-0.4,0.0,0.4,0.5813953488372093,0.675,0.675,0.6569646569646578,0.8709677419354839,0.5,-0.3660254037844383,0.0,-0.07142857142857142,0.7086788280818135
0.0,-0.2,0.0,0.4,0.5813953488372093,0.65,0.675,0.6486486486486488,0.9032258064516129,0.2886751345948128,-0.6339745962155612,1.0,-0.03571428571428571,0.7131011608623555
0.0,0.0,0.0,0.4,0.5813953488372093,0.65,0.65,0.6403326403326408,0.9032258064516129,0.0,-0.7320508075688771,0.0,0.0,0.7153123272526262
0.0,0.2,1.0,0.4,0.5813953488372093,0.65,0.65,0.6403326403326408,0.9032258064516129,-0.2886751345948128,-0.6339745962155612,0.0,0.03571428571428571,0.7175234936428977
0.0,0.4,1.0,0.4,0.5581395348837209,0.65,0.65,0.6320166320166328,0.8709677419354839,-0.5,-0.36602540378443876,0.0,0.07142857142857142,0.7175234936428977
0.0,0.6,1.0,0.4,0.5581395348837209,0.625,0.65,0.6237006237006238,0.8709677419354839,-0.577350269189626,0.0,0.0,0.10714285714285714,0.7197346600331682
0.0,0.8,2.0,0.4,0.627906976744186,0.625,0.625,0.6403326403326408,0.8387096774193549,-0.5000000000000001,0.3660254037844388,0.0,0.14285714285714285,0.7285793255942513
0.0,1.0,2.0,0.4,0.6976744186046512,0.7,0.625,0.6902286902286907,0.9354838709677419,-0.2886751345948132,0.6339745962155612,0.0,0.17857142857142858,0.7462686567164186
0.0,1.2,2.0,0.4,0.6976744186046512,0.775,0.7,0.7401247401247406,0.9032258064516129,-2.1211504774498138e-16,0.7320508075688774,0.0,0.21428571428571427,0.7573244886677734
0.5,-1.0,-1.0,0.4,0.7441860465116279,0.775,0.775,0.7817047817047825,0.967741935483871,0.2886751345948128,0.6339745962155615,0.0,0.25,0.7750138197899397
0.5,-0.8,-1.0,0.4,0.7906976744186046,0.825,0.775,0.8149688149688156,0.967741935483871,0.49999999999999994,0.3660254037844388,0.0,0.2857142857142857,0.7927031509121069
0.5,-0.6,-1.0,0.4,0.8604651162790697,0.875,0.825,0.8731808731808735,0.9354838709677419,0.5773502691896257,1.793007356604921e-16,0.0,0.32142857142857145,0.8170259812050868
0.5,-0.4,0.0,0.4,0.9534883720930233,0.95,0.875,0.9480249480249483,0.9354838709677419,0.5,-0.3660254037844383,1.0,0.35714285714285715,0.8524046434494204
0.5,-0.2,0.0,0.4,0.9534883720930233,1.05,0.95,1.0062370062370072,0.9354838709677419,0.2886751345948128,-0.6339745962155612,0.0,0.39285714285714285,0.887783305693754
0.5,0.0,0.0,0.4,0.9534883720930233,1.05,1.05,1.0395010395010402,0.9354838709677419,0.0,-0.7320508075688771,0.0,0.42857142857142855,0.9231619679380886
0.5,0.2,1.0,0.4,0.9302325581395349,1.05,1.05,1.0311850311850321,0.9032258064516129,-0.2886751345948128,-0.6339745962155612,0.0,0.4642857142857143,0.9563294637921516
0.5,0.4,1.0,0.4,0.9302325581395349,1.025,1.05,1.0228690228690231,0.9032258064516129,-0.5,-0.36602540378443876,0.0,0.5,0.9917081260364852
0.5,0.6,1.0,0.4,0.9302325581395349,1.025,1.025,1.014553014553015,1.0,-0.577350269189626,0.0,0.0,0.5357142857142857,1.0270867882808188
0.5,0.8,2.0,0.4,1.1627906976744187,1.025,1.025,1.097713097713098,1.096774193548387,-0.5000000000000001,0.3660254037844388,0.0,0.5714285714285714,1.0779436152570492
0.5,1.0,2.0,0.4,1.3488372093023255,1.275,1.025,1.2474012474012477,1.096774193548387,-0.2886751345948132,0.6339745962155612,0.0,0.6071428571428571,1.1398562741846332
0.5,1.2,2.0,0.4,1.3953488372093024,1.475,1.275,1.4137214137214145,1.1612903225806452,-2.1211504774498138e-16,0.7320508075688774,0.0,0.6428571428571429,1.2061912658927594
1.0,-1.0,-1.0,0.4,1.441860465116279,1.525,1.475,1.5135135135135143,1.2258064516129032,0.2886751345948128,0.6339745962155615,0.0,0.6785714285714286,1.2725262576008853
1.0,-0.8,-1.0,0.4,1.441860465116279,1.575,1.525,1.5467775467775473,1.3225806451612903,0.49999999999999994,0.3660254037844388,0.0,0.7142857142857143,1.3344389165284705
1.0,-0.6,-1.0,0.4,1.5348837209302326,1.575,1.575,1.5966735966735972,1.4516129032258065,0.5773502691896257,1.793007356604921e-16,0.0,0.75,1.398562741846325
1.0,-0.4,0.0,0.4,1.8372093023255813,1.675,1.575,1.7380457380457388,1.4516129032258065,0.5,-0.3660254037844383,1.0,0.7857142857142857,1.4825870646766184
1.0,-0.2,0.0,0.4,1.813953488372093,2.0,1.675,1.8711018711018716,1.4516129032258065,0.2886751345948128,-0.6339745962155612,0.0,0.8214285714285714,1.5644002211166401
1.0,0.0,0.0,0.4,1.7209302325581395,1.975,2.0,1.9376299376299386,1.4193548387096775,0.0,-0.7320508075688771,0.0,0.8571428571428571,1.6373687119955789
1.0,0.2,1.0,0.4,1.6744186046511629,1.875,1.975,1.8794178794178806,1.4193548387096775,-0.2886751345948128,-0.6339745962155612,0.0,0.8928571428571429,1.708126036484247
1.0,0.4,1.0,0.4,1.6744186046511629,1.825,1.875,1.8295218295218307,1.4193548387096775,-0.5,-0.36602540378443876,0.0,0.9285714285714286,1.7788833609729153
1.0,0.6,1.0,0.4,1.697674418604651,1.825,1.825,1.8212058212058218,1.7419354838709677,-0.577350269189626,0.0,0.0,0.9642857142857143,1.8518518518518539
1.0,0.8,2.0,0.4,1.697674418604651,1.85,1.825,1.8295218295218307,2.0,-0.5000000000000001,0.3660254037844388,0.0,1.0,1.9027086788280834
-1.0,-1.0,-1.0,0.6,-0.09302325581395349,-0.075,-0.075,-0.08316008316008289,1.032258064516129,0.2886751345948128,0.6339745962155615,0.0,-1.0357142857142858,0.036484245439469355
-1.0,-0.8,-1.0,0.6,-0.09302325581395349,-0.075,-0.075,-0.08316008316008289,0.16129032258064516,0.49999999999999994,0.3660254037844388,0.0,-1.0,-0.03427307904919881
-1.0,-0.6,-1.0,0.6,-0.046511627906976744,-0.075,-0.075,-0.06652806652806595,0.0967741935483871,0.5773502691896257,1.793007356604921e-16,0.0,-0.9642857142857143,-0.04090657822001142
-1.0,-0.4,0.0,0.6,-0.046511627906976744,-0.025,-0.075,-0.04989604989604991,0.03225806451612903,0.5,-0.3660254037844383,0.0,-0.9285714285714286,-0.04311774461028196
-1.0,-0.2,0.0,0.6,-0.023255813953488372,-0.025,-0.025,-0.024948024948024956,-0.1935483870967742,0.2886751345948128,-0.6339745962155612,1.0,-0.8928571428571429,-0.0386954118297399
-1.0,0.0,0.0,0.6,0.27906976744186046,0.0,-0.025,0.0914760914760918,-0.03225806451612903,0.0,-0.7320508075688771,0.0,-0.8571428571428571,0.009950248756218916
-1.0,0.2,1.0,0.6,-0.23255813953488372,0.325,0.0,0.024948024948024956,0.0,-0.2886751345948128,-0.6339745962155612,0.0,-0.8214285714285714,-0.0011055831951357568
-1.0,0.4,1.0,0.6,-0.06976744186046512,-0.225,0.325,0.008316008316008924,0.0,-0.5,-0.36602540378443876,0.0,-0.7857142857142857,0.0011055831951357568
-1.0,0.6,1.0,0.6,-0.06976744186046512,-0.05,-0.225,-0.11642411642411585,-0.03225806451612903,-0.577350269189626,0.0,0.0,-0.75,0.003316749585406305
-1.0,0.8,2.0,0.6,-0.06976744186046512,-0.05,-0.05,-0.058212058212057924,0.0,-0.5000000000000001,0.3660254037844388,0.0,-0.7142857142857143,0.007739082365948367
-1.0,1.0,2.0,0.6,-0.06976744186046512,-0.05,-0.05,-0.058212058212057924,0.0,-0.2886751345948132,0.6339745962155612,0.0,-0.6785714285714286,0.009950248756218916
-1.0,1.2,2.0,0.6,-0.09302325581395349,-0.05,-0.05,-0.06652806652806595,0.0,-2.1211504774498138e-16,0.7320508075688774,0.0,-0.6428571428571429,0.009950248756218916
-0.5,-1.0,-1.0,0.6,-0.09302325581395349,-0.075,-0.05,-0.07484407484407486,0.0,0.2886751345948128,0.6339745962155615,0.0,-0.6071428571428571,0.009950248756218916
-0.5,-0.8,-1.0,0.6,-0.09302325581395349,-0.075,-0.075,-0.08316008316008289,0.06451612903225806,0.49999999999999994,0.3660254037844388,0.0,-0.5714285714285714,0.009950248756218916
-0.5,-0.6,-1.0,0.6,-0.09302325581395349,-0.075,-0.075,-0.08316008316008289,0.06451612903225806,0.5773502691896257,1.793007356604921e-16,0.0,-0.5357142857142857,0.005527915975676853
-0.5,-0.4,0.0,0.6,-0.09302325581395349,-0.075,-0.075,-0.08316008316008289,0.0967741935483871,0.5,-0.3660254037844383,0.0,-0.5,0.0011055831951357568
-0.5,-0.2,0.0,0.6,-0.09302325581395349,-0.075,-0.075,-0.08316008316008289,0.5161290322580645,0.2886751345948128,-0.6339745962155612,1.0,-0.4642857142857143,-0.005527915975676853
-0.5,0.0,0.0,0.6,-0.11627906976744186,-0.075,-0.075,-0.0914760914760909,-0.1935483870967742,0.0,-0.7320508075688771,0.0,-0.42857142857142855,-0.04311774461028196
-0.5,0.2,1.0,0.6,0.16279069767441862,-0.1,-0.075,0.0,0.03225806451612903,-0.2886751345948128,-0.6339745962155612,0.0,-0.39285714285714285,-0.005527915975676853
-0.5,0.4,1.0,0.6,-0.09302325581395349,0.2,-0.1,0.0,0.03225806451612903,-0.5,-0.36602540378443876,0.0,-0.35714285714285715,-0.007739082365948367
-0.5,0.6,1.0,0.6,-0.13953488372093023,-0.075,0.2,-0.008316008316008016,0.03225806451612903,-0.577350269189626,0.0,0.0,-0.32142857142857145,-0.014372581536760977
-0.5,0.8,2.0,0.6,-0.13953488372093023,-0.125,-0.075,-0.11642411642411585,0.03225806451612903,-0.5000000000000001,0.3660254037844388,0.0,-0.2857142857142857,-0.021006080707573586
-0.5,1.0,2.0,0.6,-0.16279069767441862,-0.125,-0.125,-0.1413721413721408,0.0,-0.2886751345948132,0.6339745962155612,0.0,-0.25,-0.029850746268656744
-0.5,1.2,2.0,0.6,-0.16279069767441862,-0.15,-0.125,-0.14968814968814972,0.0,-2.1211504774498138e-16,0.7320508075688774,0.0,-0.21428571428571427,-0.036484245439469355
0.0,-1.0,-1.0,0.6,-0.16279069767441862,-0.15,-0.15,-0.15800415800415776,0.0,0.2886751345948128,0.6339745962155615,0.0,-0.17857142857142858,-0.04311774461028196
0.0,-0.8,-1.0,0.6,-0.11627906976744186,-0.15,-0.15,-0.1413721413721408,0.0,0.49999999999999994,0.3660254037844388,0.0,-0.14285714285714285,-0.045328911000552516
0.0,-0.6,-1.0,0.6,-0.11627906976744186,-0.1,-0.15,-0.12474012474012477,0.0,0.5773502691896257,1.793007356604921e-16,0.0,-0.10714285714285714,-0.047540077390824026
0.0,-0.4,0.0,0.6,-0.09302325581395349,-0.1,-0.1,-0.09979209979209983,0.0,0.5,-0.3660254037844383,0.0,-0.07142857142857142,-0.047540077390824026
0.0,-0.2,0.0,0.6,-0.09302325581395349,-0.075,-0.1,-0.0914760914760909,-0.03225806451612903,0.2886751345948128,-0.6339745962155612,1.0,-0.03571428571428571,-0.047540077390824026
0.0,0.0,0.0,0.6,-0.09302325581395349,-0.075,-0.075,-0.08316008316008289,0.3548387096774194,0.0,-0.7320508075688771,0.0,0.0,-0.045328911000552516
0.0,0.2,1.0,0.6,-0.09302325581395349,-0.075,-0.075,-0.08316008316008289,0.0,-0.2886751345948128,-0.6339745962155612,0.0,0.03571428571428571,-0.06965174129353241
0.0,0.4,1.0,0.6,-0.11627906976744186,-0.075,-0.075,-0.0914760914760909,-0.06451612903225806,-0.5,-0.36602540378443876,0.0,0.07142857142857142,-0.07186290768380295
0.0,0.6,1.0,0.6,-0.09302325581395349,-0.1,-0.075,-0.0914760914760909,-0.06451612903225806,-0.577350269189626,0.0,0.0,0.10714285714285714,-0.06744057490326186
0.0,0.8,2.0,0.6,-0.023255813953488372,-0.075,-0.1,-0.06652806652806595,-0.0967741935483871,-0.5000000000000001,0.3660254037844388,0.0,0.14285714285714285,-0.05638474295190719
0.0,1.0,2.0,0.6,0.06976744186046512,0.0,-0.075,0.0,-0.0967741935483871,-0.2886751345948132,0.6339745962155612,0.0,0.17857142857142858,-0.03427307904919881
0.0,1.2,2.0,0.6,0.11627906976744186,0.1,0.0,0.07484407484407486,-0.0967741935483871,-2.1211504774498138e-16,0.7320508075688774,0.0,0.21428571428571427,-0.007739082365948367
0.5,-1.0,-1.0,0.6,0.16279069767441862,0.15,0.1,0.1413721413721417,-0.03225806451612903,0.2886751345948128,0.6339745962155615,0.0,0.25,0.023217247097844135
0.5,-0.8,-1.0,0.6,0.3023255813953488,0.2,0.15,0.2245322245322246,-0.03225806451612903,0.49999999999999994,0.3660254037844388,0.0,0.2857142857142857,0.0630182421227198
0.5,-0.6,-1.0,0.6,0.46511627906976744,0.35,0.2,0.3492723492723494,0.0,0.5773502691896257,1.793007356604921e-16,0.0,0.32142857142857145,0.11829740187949123
0.5,-0.4,0.0,0.6,0.5813953488372093,0.525,0.35,0.4989604989604991,0.0,0.5,-0.3660254037844383,1.0,0.35714285714285715,0.18242122719734677
0.5,-0.2,0.0,0.6,0.6511627906976745,0.65,0.525,0.6237006237006238,0.0,0.2886751345948128,-0.6339745962155612,0.0,0.39285714285714285,0.25317855168601494
0.5,0.0,0.0,0.6,0.2558139534883721,0.725,0.65,0.548856548856549,0.0,0.0,-0.7320508075688771,0.0,0.42857142857142855,0.286346047540078
0.5,0.2,1.0,0.6,0.6976744186046512,0.3,0.725,0.5904365904365909,-0.03225806451612903,-0.2886751345948128,-0.6339745962155612,0.0,0.4642857142857143,0.36152570480928725
0.5,0.4,1.0,0.6,0.7209302325581395,0.775,0.3,0.6153846153846159,0.0,-0.5,-0.36602540378443876,0.0,0.5,0.4411276948590386
0.5,0.6,1.0,0.6,0.7209302325581395,0.8,0.775,0.7817047817047825,0.0967741935483871,-0.577350269189626,0.0,0.0,0.5357142857142857,0.5185185185185194
0.5,0.8,2.0,0.6,0.8604651162790697,0.8,0.8,0.8399168399168405,0.22580645161290322,-0.5000000000000001,0.3660254037844388,0.0,0.5714285714285714,0.6025428413488118
0.5,1.0,2.0,0.6,1.1395348837209303,0.95,0.8,0.9896049896049902,0.2903225806451613,-0.2886751345948132,0.6339745962155612,0.0,0.6071428571428571,0.7042564953012724
0.5,1.2,2.0,0.6,1.2325581395348837,1.25,0.95,1.1725571725571728,0.3548387096774194,-2.1211504774498138e-16,0.7320508075688774,0.0,0.6428571428571429,0.8103924820342742
1.0,-1.0,-1.0,0.6,1.2325581395348837,1.35,1.25,1.3056133056133066,0.5483870967741935,0.2886751345948128,0.6339745962155615,0.0,0.6785714285714286,0.9121061359867338
1.0,-0.8,-1.0,0.6,1.2093023255813953,1.35,1.35,1.3305613305613315,0.7741935483870968,0.49999999999999994,0.3660254037844388,0.0,0.7142857142857143,0.9983416252072979
1.0,-0.6,-1.0,0.6,1.4186046511627908,1.325,1.35,1.3970893970893976,0.9354838709677419,0.5773502691896257,1.793007356604921e-16,0.0,0.75,1.088999447208404
1.0,-0.4,0.0,0.6,1.8372093023255813,1.55,1.325,1.613305613305614,1.032258064516129,0.5,-0.3660254037844383,1.0,0.7857142857142857,1.2084024322830307
1.0,-0.2,0.0,0.6,1.813953488372093,2.0,1.55,1.8295218295218307,0.4838709677419355,0.2886751345948128,-0.6339745962155612,0.0,0.8214285714285714,1.3189607517965736
1.0,0.0,0.0,0.6,1.5813953488372092,1.975,2.0,1.8877338877338885,1.096774193548387,0.0,-0.7320508075688771,0.0,0.8571428571428571,1.4449972360420131
1.0,0.2,1.0,0.6,1.5813953488372092,1.725,1.975,1.7962577962577968,1.1290322580645162,-0.2886751345948128,-0.6339745962155612,0.0,0.8928571428571429,1.5290215588723066
1.0,0.4,1.0,0.6,1.6511627906976745,1.725,1.725,1.7380457380457388,1.1290322580645162,-0.5,-0.36602540378443876,0.0,0.9285714285714286,1.6174682144831412
1.0,0.6,1.0,0.6,1.6744186046511629,1.8,1.725,1.7713097713097719,1.3225806451612903,-0.577350269189626,0.0,0.0,0.9642857142857143,1.708126036484247
1.0,0.8,2.0,0.6,1.6511627906976745,1.825,1.8,1.7962577962577968,1.7096774193548387,-0.5000000000000001,0.3660254037844388,0.0,1.0,1.7833056937534564
-1.0,-0.8,-1.0,0.8,-0.4186046511627907,-0.425,-0.425,-0.43243243243243223,-0.12903225806451613,0.49999999999999994,0.3660254037844388,0.0,-1.0,-0.32614704256495364
-1.0,-0.6,-1.0,0.8,-0.37209302325581395,-0.425,-0.425,-0.4158004158004153,-0.22580645161290322,0.5773502691896257,1.793007356604921e-16,0.0,-0.9642857142857143,-0.34383637368711994
-1.0,-0.4,0.0,0.8,-0.37209302325581395,-0.375,-0.425,-0.3991683991683993,-0.22580645161290322,0.5,-0.3660254037844383,0.0,-0.9285714285714286,-0.3548922056384746
-1.0,-0.2,0.0,0.8,-0.37209302325581395,-0.375,-0.375,-0.38253638253638234,-0.22580645161290322,0.2886751345948128,-0.6339745962155612,1.0,-0.8928571428571429,-0.3659480375898293
-1.0,0.0,0.0,0.8,-0.37209302325581395,-0.375,-0.375,-0.38253638253638234,-0.3870967741935484,0.0,-0.7320508075688771,0.0,-0.8571428571428571,-0.37700386954118303
-1.0,0.2,1.0,0.8,-0.37209302325581395,-0.375,-0.375,-0.38253638253638234,-0.3870967741935484,-0.2886751345948128,-0.6339745962155612,0.0,-0.8214285714285714,-0.37700386954118303
-1.0,0.4,1.0,0.8,-0.37209302325581395,-0.375,-0.375,-0.38253638253638234,-0.3870967741935484,-0.5,-0.36602540378443876,0.0,-0.7857142857142857,-0.37700386954118303
-1.0,0.6,1.0,0.8,-0.37209302325581395,-0.375,-0.375,-0.38253638253638234,-0.45161290322580644,-0.577350269189626,0.0,0.0,-0.75,-0.37700386954118303
-1.0,0.8,2.0,0.8,-0.37209302325581395,-0.375,-0.375,-0.38253638253638234,-0.45161290322580644,-0.5000000000000001,0.3660254037844388,0.0,-0.7142857142857143,-0.37258153676064193
-1.0,1.0,2.0,0.8,-0.37209302325581395,-0.375,-0.375,-0.38253638253638234,-0.45161290322580644,-0.2886751345948132,0.6339745962155612,0.0,-0.6785714285714286,-0.3681592039800999
-1.0,1.2,2.0,0.8,-0.37209302325581395,-0.375,-0.375,-0.38253638253638234,-0.45161290322580644,-2.1211504774498138e-16,0.7320508075688774,0.0,-0.6428571428571429,-0.3637368711995578
-0.5,-1.0,-1.0,0.8,-0.37209302325581395,-0.375,-0.375,-0.38253638253638234,-0.45161290322580644,0.2886751345948128,0.6339745962155615,0.0,-0.6071428571428571,-0.3593145384190167
-0.5,-0.8,-1.0,0.8,-0.37209302325581395,-0.375,-0.375,-0.38253638253638234,-0.3870967741935484,0.49999999999999994,0.3660254037844388,0.0,-0.5714285714285714,-0.3548922056384746
-0.5,-0.6,-1.0,0.8,-0.37209302325581395,-0.375,-0.375,-0.38253638253638234,-0.3870967741935484,0.5773502691896257,1.793007356604921e-16,0.0,-0.5357142857142857,-0.3548922056384746
-0.5,-0.4,0.0,0.8,-0.37209302325581395,-0.375,-0.375,-0.38253638253638234,-0.3870967741935484,0.5,-0.3660254037844383,0.0,-0.5,-0.3548922056384746
-0.5,-0.2,0.0,0.8,-0.37209302325581395,-0.375,-0.375,-0.38253638253638234,-0.3870967741935484,0.2886751345948128,-0.6339745962155612,1.0,-0.4642857142857143,-0.3548922056384746
-0.5,0.0,0.0,0.8,-0.4883720930232558,-0.375,-0.375,-0.42411642411642425,-0.3870967741935484,0.0,-0.7320508075688771,0.0,-0.42857142857142855,-0.3659480375898293
-0.5,0.2,1.0,0.8,-0.4883720930232558,-0.5,-0.375,-0.4656964656964652,-0.3870967741935484,-0.2886751345948128,-0.6339745962155612,0.0,-0.39285714285714285,-0.37700386954118303
-0.5,0.4,1.0,0.8,-0.4883720930232558,-0.5,-0.5,-0.5072765072765071,-0.3870967741935484,-0.5,-0.36602540378443876,0.0,-0.35714285714285715,-0.3880597014925377
-0.5,0.6,1.0,0.8,-0.4883720930232558,-0.5,-0.5,-0.5072765072765071,-0.3870967741935484,-0.577350269189626,0.0,0.0,-0.32142857142857145,-0.39911553344389233
-0.5,0.8,2.0,0.8,-0.4883720930232558,-0.5,-0.5,-0.5072765072765071,-0.3870967741935484,-0.5000000000000001,0.3660254037844388,0.0,-0.2857142857142857,-0.41017136539524607
-0.5,1.0,2.0,0.8,-0.4883720930232558,-0.5,-0.5,-0.5072765072765071,-0.3870967741935484,-0.2886751345948132,0.6339745962155612,0.0,-0.25,-0.42122719734660075
-0.5,1.2,2.0,0.8,-0.4186046511627907,-0.5,-0.5,-0.4823284823284822,-0.3870967741935484,-2.1211504774498138e-16,0.7320508075688774,0.0,-0.21428571428571427,-0.4256495301271428
0.0,-1.0,-1.0,0.8,-0.4186046511627907,-0.425,-0.5,-0.45738045738045724,-0.3870967741935484,0.2886751345948128,0.6339745962155615,0.0,-0.17857142857142858,-0.4300718629076839
0.0,-0.8,-1.0,0.8,-0.3023255813953488,-0.425,-0.425,-0.3908523908523904,-0.3870967741935484,0.49999999999999994,0.3660254037844388,0.0,-0.14285714285714285,-0.42343836373687127
0.0,-0.6,-1.0,0.8,-0.3023255813953488,-0.3,-0.425,-0.3492723492723494,-0.3870967741935484,0.5773502691896257,1.793007356604921e-16,0.0,-0.10714285714285714,-0.4168048645660587
0.0,-0.4,0.0,0.8,-0.3023255813953488,-0.3,-0.3,-0.3076923076923075,-0.3870967741935484,0.5,-0.3660254037844383,0.0,-0.07142857142857142,-0.41017136539524607
0.0,-0.2,0.0,0.8,-0.3023255813953488,-0.3,-0.3,-0.3076923076923075,-0.5483870967741935,0.2886751345948128,-0.6339745962155612,1.0,-0.03571428571428571,-0.40353786622443344
0.0,0.0,0.0,0.8,-0.3023255813953488,-0.3,-0.3,-0.3076923076923075,-0.5483870967741935,0.0,-0.7320508075688771,0.0,0.0,-0.38584853510226713
0.0,0.2,1.0,0.8,-0.3023255813953488,-0.3,-0.3,-0.3076923076923075,-0.5483870967741935,-0.2886751345948128,-0.6339745962155612,0.0,0.03571428571428571,-0.3681592039800999
0.0,0.4,1.0,0.8,-0.3023255813953488,-0.3,-0.3,-0.3076923076923075,-0.5483870967741935,-0.5,-0.36602540378443876,0.0,0.07142857142857142,-0.3504698728579326
0.0,0.6,1.0,0.8,-0.3023255813953488,-0.3,-0.3,-0.3076923076923075,-0.5483870967741935,-0.577350269189626,0.0,0.0,0.10714285714285714,-0.33278054173576627
0.0,0.8,2.0,0.8,-0.3023255813953488,-0.3,-0.3,-0.3076923076923075,-0.5483870967741935,-0.5000000000000001,0.3660254037844388,0.0,0.14285714285714285,-0.31509121061359896
0.0,1.0,2.0,0.8,-0.18604651162790697,-0.3,-0.3,-0.26611226611226557,-0.45161290322580644,-0.2886751345948132,0.6339745962155612,0.0,0.17857142857142858,-0.286346047540078
0.0,1.2,2.0,0.8,-0.18604651162790697,-0.175,-0.3,-0.2245322245322246,-0.45161290322580644,-2.1211504774498138e-16,0.7320508075688774,0.0,0.21428571428571427,-0.2642343836373686
0.5,-1.0,-1.0,0.8,-0.06976744186046512,-0.175,-0.175,-0.1413721413721408,-0.2903225806451613,0.2886751345948128,0.6339745962155615,0.0,0.25,-0.23106688778330559
0.5,-0.8,-1.0,0.8,0.20930232558139536,-0.05,-0.175,0.0,-0.2903225806451613,0.49999999999999994,0.3660254037844388,0.0,0.2857142857142857,-0.18242122719734677
0.5,-0.6,-1.0,0.8,0.32558139534883723,0.25,-0.05,0.1829521829521836,-0.2903225806451613,0.5773502691896257,1.793007356604921e-16,0.0,0.32142857142857145,-0.12271973466003329
0.5,-0.4,0.0,0.8,0.627906976744186,0.375,0.25,0.4324324324324332,-0.2903225806451613,0.5,-0.3660254037844383,1.0,0.35714285714285715,-0.03427307904919881
0.5,-0.2,0.0,0.8,0.627906976744186,0.7,0.375,0.5821205821205829,-0.2903225806451613,0.2886751345948128,-0.6339745962155612,0.0,0.39285714285714285,0.054173576561636634
0.5,0.0,0.0,0.8,0.6744186046511628,0.7,0.7,0.7068607068607077,-0.2903225806451613,0.0,-0.7320508075688771,0.0,0.42857142857142855,0.14704256495301318
0.5,0.2,1.0,0.8,0.627906976744186,0.75,0.7,0.7068607068607077,-0.2903225806451613,-0.2886751345948128,-0.6339745962155612,0.0,0.4642857142857143,0.23548922056384766
0.5,0.4,1.0,0.8,0.627906976744186,0.7,0.75,0.7068607068607077,-0.2903225806451613,-0.5,-0.36602540378443876,0.0,0.5,0.3239358761746821
0.5,0.6,1.0,0.8,0.627906976744186,0.7,0.7,0.6902286902286907,-0.2903225806451613,-0.577350269189626,0.0,0.0,0.5357142857142857,0.4123825317855176
0.5,0.8,2.0,0.8,0.7441860465116279,0.7,0.7,0.7318087318087326,-0.12903225806451613,-0.5000000000000001,0.3660254037844388,0.0,0.5714285714285714,0.5118850193477067
0.5,1.0,2.0,0.8,0.9069767441860465,0.825,0.7,0.8316008316008324,-0.12903225806451613,-0.2886751345948132,0.6339745962155612,0.0,0.6071428571428571,0.615809839690437
0.5,1.2,2.0,0.8,0.9069767441860465,1.0,0.825,0.9313929313929323,0.03225806451612903,-2.1211504774498138e-16,0.7320508075688774,0.0,0.6428571428571429,0.7197346600331682
1.0,-1.0,-1.0,0.8,0.9767441860465116,1.0,1.0,1.014553014553015,0.41935483870967744,0.2886751345948128,0.6339745962155615,0.0,0.6785714285714286,0.8192371475953574
1.0,-0.8,-1.0,0.8,0.9767441860465116,1.075,1.0,1.0395010395010402,0.5806451612903226,0.49999999999999994,0.3660254037844388,0.0,0.7142857142857143,0.892205638474296
1.0,-0.6,-1.0,0.8,1.0930232558139534,1.075,1.075,1.106029106029107,1.0,0.5773502691896257,1.793007356604921e-16,0.0,0.75,0.9651741293532348
1.0,-0.4,0.0,0.8,1.6744186046511629,1.2,1.075,1.3555093555093565,1.0,0.5,-0.3660254037844383,1.0,0.7857142857142857,1.0646766169154238
1.0,-0.2,0.0,0.8,1.558139534883721,1.825,1.2,1.5634095634095642,1.064516129032258,0.2886751345948128,-0.6339745962155612,0.0,0.8214285714285714,1.1531232725262583
1.0,0.0,0.0,0.8,1.558139534883721,1.7,1.825,1.729729729729731,1.0,0.0,-0.7320508075688771,0.0,0.8571428571428571,1.2371475953565518
1.0,0.2,1.0,0.8,1.0232558139534884,1.7,1.7,1.4968814968814974,1.0,-0.2886751345948128,-0.6339745962155612,0.0,0.8928571428571429,1.2747374239911569
1.0,0.4,1.0,0.8,1.0232558139534884,1.125,1.7,1.3056133056133066,1.0,-0.5,-0.36602540378443876,0.0,0.9285714285714286,1.312327252625761
1.0,0.6,1.0,0.8,1.0232558139534884,1.125,1.125,1.114345114345115,1.1612903225806452,-0.577350269189626,0.0,0.0,0.9642857142857143,1.3499170812603662
1.0,0.8,2.0,0.8,1.0232558139534884,1.125,1.125,1.114345114345115,1.3870967741935485,-0.5000000000000001,0.3660254037844388,0.0,1.0,1.3764510779436165
